Handle,Title,Body (HTML),Vendor,Product Category,Type,Tags,Published,Option1 Name,Option1 Value,Option1 Linked To,Option2 Name,Option2 Value,Option2 Linked To,Option3 Name,Option3 Value,Option3 Linked To,Variant SKU,Variant Grams,Variant Inventory Tracker,Variant Inventory Policy,Variant Fulfillment Service,Variant Price,Variant Compare At Price,Variant Requires Shipping,Variant Taxable,Unit Price Total Measure,Unit Price Total Measure Unit,Unit Price Base Measure,Unit Price Base Measure Unit,Variant Barcode,Image Src,Image Position,Image Alt Text,Gift Card,SEO Title,SEO Description,base-chair-redirect (product.metafields.custom.base_chair_redirect),custom-chair-product (product.metafields.custom.custom_chair_product),Custom-Product-field (product.metafields.custom.custom_product_field),ddd (product.metafields.custom.ddd),Delivery Time (product.metafields.custom.delivery_time),Delivered Date (product.metafields.custom.launchtip_delivered_date),Delivery Timer Text Base Timer (product.metafields.custom.launchtip_delivery_timer),Estimated Arrival Date (product.metafields.custom.launchtip_estimate_arrival_date),Order Dispatch Date (product.metafields.custom.launchtip_order_dispatch_date),Order Place Date (product.metafields.custom.launchtip_order_place_date),new_yerba_dinks_fields (product.metafields.custom.new_yerba_dinks_fields),tom (product.metafields.custom.tom),toom (product.metafields.custom.toom),Top-Desk-Bulk (product.metafields.custom.top_desk_bulk),yerba-energy-drinks (product.metafields.custom.yerba_energy_drinks),EasyReviews: Rating (product.metafields.easyreview.rating),Product rating count (product.metafields.reviews.rating_count),Accessory size (product.metafields.shopify.accessory-size),Age group (product.metafields.shopify.age-group),Backrest type (product.metafields.shopify.backrest-type),Band color (product.metafields.shopify.band-color),Bat material (product.metafields.shopify.bat-material),Case color (product.metafields.shopify.case-color),Closure type (product.metafields.shopify.closure-type),Color (product.metafields.shopify.color-pattern),Fabric (product.metafields.shopify.fabric),Footwear material (product.metafields.shopify.footwear-material),Furniture/Fixture material (product.metafields.shopify.furniture-fixture-material),Headwear features (product.metafields.shopify.headwear-features),Neckline (product.metafields.shopify.neckline),Seat structure (product.metafields.shopify.seat-structure),Seat type (product.metafields.shopify.seat-type),Shoe features (product.metafields.shopify.shoe-features),Shoe size (product.metafields.shopify.shoe-size),Size (product.metafields.shopify.size),Sleeve length type (product.metafields.shopify.sleeve-length-type),Target gender (product.metafields.shopify.target-gender),Top length type (product.metafields.shopify.top-length-type),Watch display (product.metafields.shopify.watch-display),Watch features (product.metafields.shopify.watch-features),Watch material (product.metafields.shopify.watch-material),Snowboard binding mount (product.metafields.test_data.binding_mount),Snowboard length (product.metafields.test_data.snowboard_length),Variant Image,Variant Weight Unit,Variant Tax Code,Cost per item,Included / Canada,Price / Canada,Compare At Price / Canada,Status
top,top,"",bahadur-startbit,Uncategorized,accessories,"",true,Size,L,,Color,Red,,,,,,0.0,shopify,deny,manual,20.00,,true,true,,,,,"",,,,false,,,,,,,,Delivered,🚚 Order within the next {{ countdown }} for delivery by {{ deliverydate }}.,Estimated arrival,Estimated dispatch,Order placed,,,,,,,,,,,,,,,,,,,,,,,,,,,,,,,,,,,lb,,,true,,,active
top,,,,,,,,,L,,,Black,,,,,,0.0,shopify,deny,manual,310.00,,true,true,,,,,"",,,,,,,,,,,,,,,,,,,,,,,,,,,,,,,,,,,,,,,,,,,,,,,,,,,lb,,,,,,
top,,,,,,,,,L,,,green,,,,,,0.0,shopify,deny,manual,10.00,,true,true,,,,,"",,,,,,,,,,,,,,,,,,,,,,,,,,,,,,,,,,,,,,,,,,,,,,,,,,,lb,,,,,,
top,,,,,,,,,M,,,Red,,,,,,0.0,shopify,deny,manual,200.00,,true,true,,,,,"",,,,,,,,,,,,,,,,,,,,,,,,,,,,,,,,,,,,,,,,,,,,,,,,,,,lb,,,,,,
top,,,,,,,,,M,,,Black,,,,,,0.0,shopify,deny,manual,200.00,,true,true,,,,,"",,,,,,,,,,,,,,,,,,,,,,,,,,,,,,,,,,,,,,,,,,,,,,,,,,,lb,,,,,,
top,,,,,,,,,M,,,green,,,,,,0.0,shopify,deny,manual,200.00,,true,true,,,,,"",,,,,,,,,,,,,,,,,,,,,,,,,,,,,,,,,,,,,,,,,,,,,,,,,,,lb,,,,,,
top,,,,,,,,,S,,,Red,,,,,,0.0,shopify,deny,manual,100.00,,true,true,,,,,"",,,,,,,,,,,,,,,,,,,,,,,,,,,,,,,,,,,,,,,,,,,,,,,,,,,lb,,,,,,
top,,,,,,,,,S,,,Black,,,,,,0.0,shopify,deny,manual,100.00,,true,true,,,,,"",,,,,,,,,,,,,,,,,,,,,,,,,,,,,,,,,,,,,,,,,,,,,,,,,,,lb,,,,,,
top,,,,,,,,,S,,,green,,,,,,0.0,shopify,deny,manual,100.00,,true,true,,,,,"",,,,,,,,,,,,,,,,,,,,,,,,,,,,,,,,,,,,,,,,,,,,,,,,,,,lb,,,,,,
top,,,,,,,,,XL,,,Red,,,,,,0.0,shopify,deny,manual,300.00,,true,true,,,,,"",,,,,,,,,,,,,,,,,,,,,,,,,,,,,,,,,,,,,,,,,,,,,,,,,,,lb,,,,,,
top,,,,,,,,,XL,,,Black,,,,,,0.0,shopify,deny,manual,300.00,,true,true,,,,,"",,,,,,,,,,,,,,,,,,,,,,,,,,,,,,,,,,,,,,,,,,,,,,,,,,,lb,,,,,,
top,,,,,,,,,XL,,,green,,,,,,0.0,shopify,deny,manual,300.00,,true,true,,,,,"",,,,,,,,,,,,,,,,,,,,,,,,,,,,,,,,,,,,,,,,,,,,,,,,,,,lb,,,,,,
top,,,,,,,,,XXL,,,Red,,,,,,0.0,shopify,deny,manual,10.00,,true,true,,,,,"",,,,,,,,,,,,,,,,,,,,,,,,,,,,,,,,,,,,,,,,,,,,,,,,,,,lb,,,,,,
top,,,,,,,,,XXL,,,Black,,,,,,0.0,shopify,deny,manual,10.00,,true,true,,,,,"",,,,,,,,,,,,,,,,,,,,,,,,,,,,,,,,,,,,,,,,,,,,,,,,,,,lb,,,,,,
top,,,,,,,,,XXL,,,green,,,,,,0.0,shopify,deny,manual,10.00,,true,true,,,,,"",,,,,,,,,,,,,,,,,,,,,,,,,,,,,,,,,,,,,,,,,,,,,,,,,,,lb,,,,,,
pop-1,pop,"",bahadur-startbit,Uncategorized,"","",true,Title,Default Title,,,,,,,,,0.0,shopify,deny,manual,0.00,,true,true,,,,,"",,,,false,,,,,,,,Delivered,🚚 Order within the next {{ countdown }} for delivery by {{ deliverydate }}.,Estimated arrival,Estimated dispatch,Order placed,,,,,,,,,,,,,,,,,,,,,,,,,,,,,,,,,,,lb,,,true,,,active
pop,pop,"",bahadur-startbit,Uncategorized,"","",true,Title,Default Title,,,,,,,,,0.0,shopify,deny,manual,0.00,,true,true,,,,,"",,,,false,,,,,,,,Delivered,🚚 Order within the next {{ countdown }} for delivery by {{ deliverydate }}.,Estimated arrival,Estimated dispatch,Order placed,,,,,,,,,,,,,,,,,,,,,,,,,,,,,,,,,,,lb,,,true,,,active
short-tom,short tom,"",bahadur-startbit,Uncategorized,"","",true,Title,Default Title,,,,,,,,,0.0,shopify,deny,manual,0.00,,true,true,,,,,"",,,,false,,,,,,,,,,,,,,,,,,,,,,,,,,,,,,,,,,,,,,,,,,,,,,,lb,,,true,,,active
gfh-t,gfh t,"",bahadur-startbit,Uncategorized,"","",true,Title,Default Title,,,,,,,,,0.0,shopify,deny,manual,0.00,,true,true,,,,,"",,,,false,,,,,,,,,,,,,,,,,,,,,,,,,,,,,,,,,,,,,,,,,,,,,,,lb,,,true,,,active
dsewfcfvcfdgbvfdgvb-fg,dsewfcfvcfdgbvfdgvb fg,"",bahadur-startbit,Uncategorized,"","",true,Title,Default Title,,,,,,,,,0.0,shopify,deny,manual,0.00,,true,true,,,,,"",,,,false,,,,,,,,,,,,,,,,,,,,,,,,,,,,,,,,,,,,,,,,,,,,,,,lb,,,true,,,active
bundlesuite-byob-bundle,Custom Bundle,"",bahadur-startbit,Uncategorized,bundle,bundle-product,true,Title,Default Title,,,,,,,,,0.0,,deny,manual,2927.00,3193.09,true,true,,,,,,https://cdn.shopify.com/s/files/1/0707/7753/6680/files/Bundle_and_Save_240x240_a395d6b8-84fc-4422-936a-ca6543cfea0f.avif?v=1758198571,1,"",false,,,,,,,,Delivered,🚚 Order within the next {{ countdown }} for delivery by {{ deliverydate }}.,Estimated arrival,Estimated dispatch,Order placed,,,,,,,,,,,,,,,,,,,,,,,,,,,,,,,,,,,kg,,,true,,,active
bubdle-products,bubdle products,,bahadur-startbit,Uncategorized,"","drinks, sell",false,Title,Default Title,,,,,,,,,0.0,shopify,deny,manual,1500.00,3000.00,true,true,,,,,,https://cdn.shopify.com/s/files/1/0707/7753/6680/files/Mateina-Yerba-Mate-Sugar-Free-Ready-To-Drink-Cans-BG-02_ab5c0d92-71f3-4ae3-bc3e-f47c7648538b.webp?v=1758192917,1,"",false,,,,,,,,Delivered,🚚 Order within the next {{ countdown }} for delivery by {{ deliverydate }}.,Estimated arrival,Estimated dispatch,Order placed,,,,,,,,,,,,,,,,,,,,,,,,,,,,,,,,,,,kg,,,true,,,archived
bubdle-products,,,,,,,,,,,,,,,,,,,,,,,,,,,,,,,https://cdn.shopify.com/s/files/1/0707/7753/6680/files/Mateina-Yerba-Mate-Organic-Sugar-Free-Ready-To-Drink-Energy-Brew-Raspberry-Yuzu_2a459c24-409a-4afe-a369-2f258cfc3b58.webp?v=1758192917,2,"",,,,,,,,,,,,,,,,,,,,,,,,,,,,,,,,,,,,,,,,,,,,,,,,,,,,,,
xx,xx,"",bahadur-startbit,Electronics > Electronics Accessories > Computer Components > Storage Devices > Hard Drives,"","",true,Title,Default Title,,,,,,,,,0.0,shopify,deny,manual,500.00,,true,true,,,,,"",,,,false,,,,,,,,Delivered,🚚 Order within the next {{ countdown }} for delivery by {{ deliverydate }}.,Estimated arrival,Estimated dispatch,Order placed,,,,,,,,,,,,,,,,,,,,,,,,,,,,,,,,,,,kg,,,true,,,active
lemon-original,Lemon Original,"",bahadur-startbit,"Food, Beverages & Tobacco > Beverages > Sports & Energy Drinks > Energy Drinks","",drinks,true,Title,Default Title,,,,,,,,,0.0,shopify,deny,manual,3550.22,,true,true,,,,,"",https://cdn.shopify.com/s/files/1/0707/7753/6680/files/Mateina-Yerba-Mate-Sugar-Free-Ready-To-Drink-Cans-BG-05.webp?v=1757657198,1,"",false,,,,,,,,Delivered,🚚 Order within the next {{ countdown }} for delivery by {{ deliverydate }}.,Estimated arrival,Estimated dispatch,Order placed,new-yerba-drinks-ncyumoc4,,,,yerba-drinks-qt8vjltx,,,,,,,,,,,,,,,,,,,,,,,,,,,,,,kg,,0.00,true,,,active
peach-passion,Peach Passion,"",bahadur-startbit,"Food, Beverages & Tobacco > Beverages > Sports & Energy Drinks > Energy Drinks","",drinks,true,Title,Default Title,,,,,,,,,0.0,shopify,deny,manual,3550.22,,true,true,,,,,"",https://cdn.shopify.com/s/files/1/0707/7753/6680/files/Mateina-Yerba-Mate-Sugar-Free-Ready-To-Drink-Cans-BG-04.webp?v=1757657146,1,"",false,,,,,,,,Delivered,🚚 Order within the next {{ countdown }} for delivery by {{ deliverydate }}.,Estimated arrival,Estimated dispatch,Order placed,new-yerba-drinks-xzwl01md,,,,yerba-drinks-mftfyufw,,,,,,,,,,,,,,,,,,,,,,,,,,,,,,kg,,,true,,,active
mango-key-lime,Mango Lime,"",bahadur-startbit,"Food, Beverages & Tobacco > Beverages > Sports & Energy Drinks > Energy Drinks","",drinks,true,Title,Default Title,,,,,,,,,0.0,shopify,deny,manual,3550.22,,true,true,,,,,"",https://cdn.shopify.com/s/files/1/0707/7753/6680/files/Mateina-Yerba-Mate-Sugar-Free-Ready-To-Drink-Cans-BG-03.webp?v=1757657091,1,"",false,,,,,,,,Delivered,🚚 Order within the next {{ countdown }} for delivery by {{ deliverydate }}.,Estimated arrival,Estimated dispatch,Order placed,new-yerba-drinks-xtf43sjo,,,,yerba-drinks-nw8cufbv,,,,,,,,,,,,,,,,,,,,,,,,,,,,,,kg,,,true,,,active
raspberry-yuzu-1,Raspberry Yuzu,"",bahadur-startbit,"Food, Beverages & Tobacco > Beverages > Sports & Energy Drinks > Energy Drinks","",drinks,true,Title,Default Title,,,,,,,,,0.0,shopify,deny,manual,3200.00,,true,true,,,,,"",https://cdn.shopify.com/s/files/1/0707/7753/6680/files/Mateina-Yerba-Mate-Sugar-Free-Ready-To-Drink-Cans-BG-02_ab5c0d92-71f3-4ae3-bc3e-f47c7648538b.webp?v=1758192917,1,"",false,,,,,,,,Delivered,🚚 Order within the next {{ countdown }} for delivery by {{ deliverydate }}.,Estimated arrival,Estimated dispatch,Order placed,new-yerba-drinks-6n7x7pzg,,,,yerba-drinks-h1uaxx57,,,,,,,,,,,,,,,,,,,,,,,,,,,,,,kg,,,true,,,active
mint-limeade,Mint Limeade,"",bahadur-startbit,"Food, Beverages & Tobacco > Beverages > Sports & Energy Drinks > Energy Drinks","",drinks,true,Title,Default Title,,,,,,,,,0.0,shopify,deny,manual,3200.00,,true,true,,,,,"",https://cdn.shopify.com/s/files/1/0707/7753/6680/files/Mateina-Yerba-Mate-Sugar-Free-Ready-To-Drink-Cans-BG-01.webp?v=1757656708,1,"",false,,,,,,,,Delivered,🚚 Order within the next {{ countdown }} for delivery by {{ deliverydate }}.,Estimated arrival,Estimated dispatch,Order placed,new-yerba-drinks-bqyy4e4p,,,,yerba-drinks-hmxvsoq9,,,,,,,,,,,,,,,,,,,,,,,,,,,,,,kg,,,true,,,active
adidas-classic-backpack-legend-ink-multicolour,ADIDAS | CLASSIC BACKPACK | LEGEND INK MULTICOLOUR,"The adidas BP Classic Cap features a pre-curved brim to keep your face shaded, while a hook-and-loop adjustable closure provides a comfortable fit. With a 3-Stripes design and reflective accents. The perfect piece to top off any outfit.",ADIDAS,Uncategorized,ACCESSORIES,"adidas, backpack, clothes, egnition-sample-data",true,Size,OS,,Color,blue,,,,,"AD-04
-OS-blue",0.0,shopify,deny,manual,50.00,,true,true,,,,,,https://cdn.shopify.com/s/files/1/0707/7753/6680/files/product_30_image1.jpg?v=1756098751,1,ADIDAS | CLASSIC BACKPACK | LEGEND INK MULTICOLOUR,false,,,,,,,,Delivered,🚚 Order within the next {{ countdown }} for delivery by {{ deliverydate }}.,Estimated arrival,Estimated dispatch,Order placed,,,,,,,,,,,,,,,,,,,,,,,,,,,,,,,,,,,kg,,,true,,,active
adidas-classic-backpack-legend-ink-multicolour,,,,,,,,,,,,,,,,,,,,,,,,,,,,,,,https://cdn.shopify.com/s/files/1/0707/7753/6680/files/product_30_image2.jpg?v=1756098751,2,ADIDAS | CLASSIC BACKPACK | LEGEND INK MULTICOLOUR,,,,,,,,,,,,,,,,,,,,,,,,,,,,,,,,,,,,,,,,,,,,,,,,,,,,,,
adidas-classic-backpack-legend-ink-multicolour,,,,,,,,,,,,,,,,,,,,,,,,,,,,,,,https://cdn.shopify.com/s/files/1/0707/7753/6680/files/product_30_image3.jpg?v=1756098751,3,ADIDAS | CLASSIC BACKPACK | LEGEND INK MULTICOLOUR,,,,,,,,,,,,,,,,,,,,,,,,,,,,,,,,,,,,,,,,,,,,,,,,,,,,,,
adidas-classic-backpack,ADIDAS | CLASSIC BACKPACK,"This women's backpack has a glam look, thanks to a faux-leather build with an allover fur print. The front zip pocket keeps small things within reach, while an interior divider reins in potential chaos.",ADIDAS,Uncategorized,ACCESSORIES,"adidas, backpack, clothes, egnition-sample-data",true,Size,OS,,Color,black,,,,,AD-03-OS-black,0.0,shopify,deny,manual,70.00,,true,true,,,,,,https://cdn.shopify.com/s/files/1/0707/7753/6680/files/product_29_image1.jpg?v=1756098747,1,ADIDAS | CLASSIC BACKPACK,false,,,,,,,,Delivered,🚚 Order within the next {{ countdown }} for delivery by {{ deliverydate }}.,Estimated arrival,Estimated dispatch,Order placed,,,,,,,,,,,,,,,,,,,,,,,,,,,,,,,,,,,kg,,,true,,,active
adidas-classic-backpack,,,,,,,,,,,,,,,,,,,,,,,,,,,,,,,https://cdn.shopify.com/s/files/1/0707/7753/6680/files/product_29_image2.jpg?v=1756098747,2,ADIDAS | CLASSIC BACKPACK,,,,,,,,,,,,,,,,,,,,,,,,,,,,,,,,,,,,,,,,,,,,,,,,,,,,,,
adidas-classic-backpack,,,,,,,,,,,,,,,,,,,,,,,,,,,,,,,https://cdn.shopify.com/s/files/1/0707/7753/6680/files/product_29_image3.jpg?v=1756098747,3,ADIDAS | CLASSIC BACKPACK,,,,,,,,,,,,,,,,,,,,,,,,,,,,,,,,,,,,,,,,,,,,,,,,,,,,,,
nike-swoosh-pro-flat-peak-cap,NIKE | SWOOSH PRO FLAT PEAK CAP,The Nike Swoosh Pro Flat Snapback features an embroidered logo for style and wool construction with an adjustable closure for a comfortable fit.,NIKE,Uncategorized,ACCESSORIES,"cap, clothes, egnition-sample-data, nike",true,Size,OS,,Color,white,,,,,NK-03-OS-white,0.0,shopify,deny,manual,30.00,,true,true,,,,,,https://cdn.shopify.com/s/files/1/0707/7753/6680/files/product_28_image1.jpg?v=1756098743,1,NIKE | SWOOSH PRO FLAT PEAK CAP,false,,,,,,,,Delivered,🚚 Order within the next {{ countdown }} for delivery by {{ deliverydate }}.,Estimated arrival,Estimated dispatch,Order placed,,,,,,,,,,,,,,,,,,,,,,,,,,,,,,,,,,,kg,,,true,,,active
nike-swoosh-pro-flat-peak-cap,,,,,,,,,,,,,,,,,,,,,,,,,,,,,,,https://cdn.shopify.com/s/files/1/0707/7753/6680/files/product_28_image2.jpg?v=1756098743,2,NIKE | SWOOSH PRO FLAT PEAK CAP,,,,,,,,,,,,,,,,,,,,,,,,,,,,,,,,,,,,,,,,,,,,,,,,,,,,,,
nike-swoosh-pro-flat-peak-cap,,,,,,,,,,,,,,,,,,,,,,,,,,,,,,,https://cdn.shopify.com/s/files/1/0707/7753/6680/files/product_28_image3.jpg?v=1756098743,3,NIKE | SWOOSH PRO FLAT PEAK CAP,,,,,,,,,,,,,,,,,,,,,,,,,,,,,,,,,,,,,,,,,,,,,,,,,,,,,,
nike-swoosh-pro-flat-peak-cap,,,,,,,,,,,,,,,,,,,,,,,,,,,,,,,https://cdn.shopify.com/s/files/1/0707/7753/6680/files/product_28_image4.jpg?v=1756098745,4,NIKE | SWOOSH PRO FLAT PEAK CAP,,,,,,,,,,,,,,,,,,,,,,,,,,,,,,,,,,,,,,,,,,,,,,,,,,,,,,
flex-fit-mini-ottoman-black,FLEX FIT | MINI OTTOMAN BLACK,Flexfit Mini Ottoman Cap,FLEX FIT,Uncategorized,ACCESSORIES,"clothes, egnition-sample-data, flex-fit, men",true,Size,s,,Color,black,,,,,FF-01-s-black,0.0,shopify,deny,manual,29.99,,true,true,,,,,,https://cdn.shopify.com/s/files/1/0707/7753/6680/files/product_27_image1.jpg?v=1756098738,1,FLEX FIT | MINI OTTOMAN BLACK,false,,,,,,,,Delivered,🚚 Order within the next {{ countdown }} for delivery by {{ deliverydate }}.,Estimated arrival,Estimated dispatch,Order placed,,,,,,,,,,,,,,,,,,,,,,,,,,,,,,,,,,,kg,,,true,,,active
flex-fit-mini-ottoman-black,,,,,,,,,m,,,black,,,,,FF-01-m-black,0.0,shopify,deny,manual,29.99,,true,true,,,,,,https://cdn.shopify.com/s/files/1/0707/7753/6680/files/product_27_image2.jpg?v=1756098738,2,FLEX FIT | MINI OTTOMAN BLACK,,,,,,,,,,,,,,,,,,,,,,,,,,,,,,,,,,,,,,,,,,,,,,,,kg,,,,,,
flex-fit-mini-ottoman-black,,,,,,,,,l,,,black,,,,,FF-01-l-black,0.0,shopify,deny,manual,29.99,,true,true,,,,,,https://cdn.shopify.com/s/files/1/0707/7753/6680/files/product_27_image3.jpg?v=1756098738,3,FLEX FIT | MINI OTTOMAN BLACK,,,,,,,,,,,,,,,,,,,,,,,,,,,,,,,,,,,,,,,,,,,,,,,,kg,,,,,,
flex-fit-mini-ottoman-black,,,,,,,,,xl,,,black,,,,,FF-01-xl-black,0.0,shopify,deny,manual,29.99,,true,true,,,,,,https://cdn.shopify.com/s/files/1/0707/7753/6680/files/product_27_image4.jpg?v=1756098738,4,FLEX FIT | MINI OTTOMAN BLACK,,,,,,,,,,,,,,,,,,,,,,,,,,,,,,,,,,,,,,,,,,,,,,,,kg,,,,,,
herschel-iona,HERSCHEL | IONA,"Featuring a cinch closure concealed by a slender top flap, the Iona backpack unites everyday practicality with clean design.",HERSCHEL,Uncategorized,ACCESSORIES,"backpack, clothes, egnition-sample-data, herschel",true,Size,OS,,Color,black,,,,,H-01-OS-black,0.0,shopify,deny,manual,119.95,,true,true,,,,,,https://cdn.shopify.com/s/files/1/0707/7753/6680/files/product_26_image1.jpg?v=1756098734,1,HERSCHEL | IONA,false,,,,,,,,Delivered,🚚 Order within the next {{ countdown }} for delivery by {{ deliverydate }}.,Estimated arrival,Estimated dispatch,Order placed,,,,,,,,,,,,,,,,,,,,,,,,,,,,,,,,,,,kg,,,true,,,active
herschel-iona,,,,,,,,,,,,,,,,,,,,,,,,,,,,,,,https://cdn.shopify.com/s/files/1/0707/7753/6680/files/product_26_image2.jpg?v=1756098734,2,HERSCHEL | IONA,,,,,,,,,,,,,,,,,,,,,,,,,,,,,,,,,,,,,,,,,,,,,,,,,,,,,,
herschel-iona,,,,,,,,,,,,,,,,,,,,,,,,,,,,,,,https://cdn.shopify.com/s/files/1/0707/7753/6680/files/product_26_image3.jpg?v=1756098735,3,HERSCHEL | IONA,,,,,,,,,,,,,,,,,,,,,,,,,,,,,,,,,,,,,,,,,,,,,,,,,,,,,,
herschel-iona,,,,,,,,,,,,,,,,,,,,,,,,,,,,,,,https://cdn.shopify.com/s/files/1/0707/7753/6680/files/product_26_image4.jpg?v=1756098734,4,HERSCHEL | IONA,,,,,,,,,,,,,,,,,,,,,,,,,,,,,,,,,,,,,,,,,,,,,,,,,,,,,,
vans-apparel-and-accessories-classic-super-no-show-socks-3-pack-white,VANS APPAREL AND ACCESSORIES | CLASSIC SUPER NO SHOW SOCKS 3 PACK WHITE,The classic super no show socks are for all your low top shoes like Classic Slip-Ons. These socks are designed to stay hidden under your shoes for an athletic look with either jeans or shorts. Thin walled breathable cotton/nylon blend.,VANS,Uncategorized,ACCESSORIES,"clothes, egnition-sample-data, unisex, vans",true,Size,9.5-13,,Color,white,,,,,VN-10-9.5-13-white,0.0,shopify,deny,manual,19.95,,true,true,,,,,,https://cdn.shopify.com/s/files/1/0707/7753/6680/files/product_25_image1.jpg?v=1756098731,1,VANS APPAREL AND ACCESSORIES | CLASSIC SUPER NO SHOW SOCKS 3 PACK WHITE,false,,,,,,,,Delivered,🚚 Order within the next {{ countdown }} for delivery by {{ deliverydate }}.,Estimated arrival,Estimated dispatch,Order placed,,,,,,,,,,,,,,,,,,,,,,,,,,,,,,,,,,,kg,,,true,,,active
vans-apparel-and-accessories-classic-super-no-show-socks-3-pack-white,,,,,,,,,,,,,,,,,,,,,,,,,,,,,,,https://cdn.shopify.com/s/files/1/0707/7753/6680/files/product_25_image2.jpg?v=1756098731,2,VANS APPAREL AND ACCESSORIES | CLASSIC SUPER NO SHOW SOCKS 3 PACK WHITE,,,,,,,,,,,,,,,,,,,,,,,,,,,,,,,,,,,,,,,,,,,,,,,,,,,,,,
adidas-kids-stan-smith,ADIDAS | KID'S STAN SMITH,"The Stan Smith owned the tennis court in the '70s. Today it runs the streets with the same clean, classic style. These kids' shoes preserve the iconic look of the original, made in leather with punched 3-Stripes, heel and tongue logos and lightweight step-in cushioning.",ADIDAS,Uncategorized,SHOES,"adidas, clothes, egnition-sample-data, kid",true,Size,1,,Color,white,,,,,AD-02-1-white,0.0,shopify,deny,manual,90.00,,true,true,,,,,,https://cdn.shopify.com/s/files/1/0707/7753/6680/files/product_24_image1.jpg?v=1756098727,1,ADIDAS | KID'S STAN SMITH,false,,,,,,,,Delivered,🚚 Order within the next {{ countdown }} for delivery by {{ deliverydate }}.,Estimated arrival,Estimated dispatch,Order placed,,,,,,,,,,,,,,,,,,,,,,,,,,,,,,,,,,,kg,,,true,,,active
adidas-kids-stan-smith,,,,,,,,,2,,,white,,,,,AD-02-2-white,0.0,shopify,deny,manual,90.00,,true,true,,,,,,https://cdn.shopify.com/s/files/1/0707/7753/6680/files/product_24_image2.jpg?v=1756098727,2,ADIDAS | KID'S STAN SMITH,,,,,,,,,,,,,,,,,,,,,,,,,,,,,,,,,,,,,,,,,,,,,,,,kg,,,,,,
adidas-kids-stan-smith,,,,,,,,,,,,,,,,,,,,,,,,,,,,,,,https://cdn.shopify.com/s/files/1/0707/7753/6680/files/product_24_image3.jpg?v=1756098727,3,ADIDAS | KID'S STAN SMITH,,,,,,,,,,,,,,,,,,,,,,,,,,,,,,,,,,,,,,,,,,,,,,,,,,,,,,
adidas-kids-stan-smith,,,,,,,,,,,,,,,,,,,,,,,,,,,,,,,https://cdn.shopify.com/s/files/1/0707/7753/6680/files/product_24_image4.jpg?v=1756098727,4,ADIDAS | KID'S STAN SMITH,,,,,,,,,,,,,,,,,,,,,,,,,,,,,,,,,,,,,,,,,,,,,,,,,,,,,,
adidas-kids-stan-smith,,,,,,,,,,,,,,,,,,,,,,,,,,,,,,,https://cdn.shopify.com/s/files/1/0707/7753/6680/files/product_24_image5.jpg?v=1756098727,5,ADIDAS | KID'S STAN SMITH,,,,,,,,,,,,,,,,,,,,,,,,,,,,,,,,,,,,,,,,,,,,,,,,,,,,,,
nike-toddler-roshe-one,NIKE | TODDLER ROSHE ONE,"The Nike Roshe One Infant Shoe offers breathable comfort and soft yet durable cushioning with a mesh upper and Phylon midsole that doubles as an outsole. The shoe is intended to be versatile, worn with or without socks, dressed up or down, for walking or just taking it easy.",NIKE,Uncategorized,SHOES,"clothes, egnition-sample-data, kid, nike",true,Size,4,,Color,black,,,,,NK-02-4-black,0.0,shopify,deny,manual,70.00,,true,true,,,,,,https://cdn.shopify.com/s/files/1/0707/7753/6680/files/product_23_image1.jpg?v=1756098721,1,NIKE | TODDLER ROSHE ONE,false,,,,,,,,Delivered,🚚 Order within the next {{ countdown }} for delivery by {{ deliverydate }}.,Estimated arrival,Estimated dispatch,Order placed,,,,,,,,,,,,,,,,,,,,,,,,,,,,,,,,,,,kg,,,true,,,active
nike-toddler-roshe-one,,,,,,,,,7,,,black,,,,,NK-02-7-black,0.0,shopify,deny,manual,70.00,,true,true,,,,,,https://cdn.shopify.com/s/files/1/0707/7753/6680/files/product_23_image2.jpg?v=1756098721,2,NIKE | TODDLER ROSHE ONE,,,,,,,,,,,,,,,,,,,,,,,,,,,,,,,,,,,,,,,,,,,,,,,,kg,,,,,,
nike-toddler-roshe-one,,,,,,,,,,,,,,,,,,,,,,,,,,,,,,,https://cdn.shopify.com/s/files/1/0707/7753/6680/files/product_23_image3.jpg?v=1756098721,3,NIKE | TODDLER ROSHE ONE,,,,,,,,,,,,,,,,,,,,,,,,,,,,,,,,,,,,,,,,,,,,,,,,,,,,,,
nike-toddler-roshe-one,,,,,,,,,,,,,,,,,,,,,,,,,,,,,,,https://cdn.shopify.com/s/files/1/0707/7753/6680/files/product_23_image4.jpg?v=1756098721,4,NIKE | TODDLER ROSHE ONE,,,,,,,,,,,,,,,,,,,,,,,,,,,,,,,,,,,,,,,,,,,,,,,,,,,,,,
nike-toddler-roshe-one,,,,,,,,,,,,,,,,,,,,,,,,,,,,,,,https://cdn.shopify.com/s/files/1/0707/7753/6680/files/product_23_image5.jpg?v=1756098721,5,NIKE | TODDLER ROSHE ONE,,,,,,,,,,,,,,,,,,,,,,,,,,,,,,,,,,,,,,,,,,,,,,,,,,,,,,
converse-toddler-chuck-taylor-all-star-axel-mid,CONVERSE | TODDLER CHUCK TAYLOR ALL STAR AXEL MID,"The Converse Chuck Taylor All Star Axel recasts the iconic original in a refreshed silhouette for a premium look and feel. A no-tie design lets kids slip them on and go, while a rubber outsole delivers reliable traction from the classroom to the playground.",CONVERSE,Uncategorized,SHOES,"clothes, converse, egnition-sample-data, kid",true,Size,5,,Color,black,,,,,C-03-5-black,0.0,shopify,deny,manual,70.00,,true,true,,,,,,https://cdn.shopify.com/s/files/1/0707/7753/6680/files/product_22_image1.jpg?v=1756098716,1,CONVERSE | TODDLER CHUCK TAYLOR ALL STAR AXEL MID,false,,,,,,,,Delivered,🚚 Order within the next {{ countdown }} for delivery by {{ deliverydate }}.,Estimated arrival,Estimated dispatch,Order placed,,,,,,,,,,,,,,,,,,,,,,,,,,,,,,,,,,,kg,,,true,,,active
converse-toddler-chuck-taylor-all-star-axel-mid,,,,,,,,,6,,,black,,,,,C-03-6-black,0.0,shopify,deny,manual,70.00,,true,true,,,,,,https://cdn.shopify.com/s/files/1/0707/7753/6680/files/product_22_image2.jpg?v=1756098716,2,CONVERSE | TODDLER CHUCK TAYLOR ALL STAR AXEL MID,,,,,,,,,,,,,,,,,,,,,,,,,,,,,,,,,,,,,,,,,,,,,,,,kg,,,,,,
converse-toddler-chuck-taylor-all-star-axel-mid,,,,,,,,,7,,,black,,,,,C-03-7-black,0.0,shopify,deny,manual,70.00,,true,true,,,,,,https://cdn.shopify.com/s/files/1/0707/7753/6680/files/product_22_image3.jpg?v=1756098716,3,CONVERSE | TODDLER CHUCK TAYLOR ALL STAR AXEL MID,,,,,,,,,,,,,,,,,,,,,,,,,,,,,,,,,,,,,,,,,,,,,,,,kg,,,,,,
converse-toddler-chuck-taylor-all-star-axel-mid,,,,,,,,,8,,,black,,,,,C-03-8-black,0.0,shopify,deny,manual,70.00,,true,true,,,,,,https://cdn.shopify.com/s/files/1/0707/7753/6680/files/product_22_image4.jpg?v=1756098716,4,CONVERSE | TODDLER CHUCK TAYLOR ALL STAR AXEL MID,,,,,,,,,,,,,,,,,,,,,,,,,,,,,,,,,,,,,,,,,,,,,,,,kg,,,,,,
converse-toddler-chuck-taylor-all-star-axel-mid,,,,,,,,,9,,,black,,,,,C-03-9-black,0.0,shopify,deny,manual,70.00,,true,true,,,,,,https://cdn.shopify.com/s/files/1/0707/7753/6680/files/product_22_image5.jpg?v=1756098716,5,CONVERSE | TODDLER CHUCK TAYLOR ALL STAR AXEL MID,,,,,,,,,,,,,,,,,,,,,,,,,,,,,,,,,,,,,,,,,,,,,,,,kg,,,,,,
converse-chuck-taylor-all-star-ii-hi,CONVERSE | CHUCK TAYLOR ALL STAR II HI,"Introducing the Converse Chuck Taylor All Star II Hi sneaker. Retaining the revolutionary silhouette we all rely on, but now made ever better. New features include Lunarlon sockliner adds cushioning and arch support. Micro-suede lining, premium textured shield canvas construction and a padded, non-slip tongue deliver superior comfort and durability. Moulded eyelets add a premium touch. The embossed, screen-printed license plate and embroidered, star-centered ankle patch add striking depth and dimension to recognizable, classic details.",CONVERSE,Uncategorized,SHOES,"clothes, converse, egnition-sample-data, men, summer",true,Size,4,,Color,black,,,,,C-02-4-black,0.0,shopify,deny,manual,140.00,,true,true,,,,,,https://cdn.shopify.com/s/files/1/0707/7753/6680/files/product_21_image1.jpg?v=1756098710,1,CONVERSE | CHUCK TAYLOR ALL STAR II HI,false,,,,,,,,Delivered,🚚 Order within the next {{ countdown }} for delivery by {{ deliverydate }}.,Estimated arrival,Estimated dispatch,Order placed,,,,,,,,,,,,,,,,,,,,,,,,,,,,,,,,,,,kg,,,true,,,active
converse-chuck-taylor-all-star-ii-hi,,,,,,,,,5,,,black,,,,,C-02-5-black,0.0,shopify,deny,manual,140.00,,true,true,,,,,,https://cdn.shopify.com/s/files/1/0707/7753/6680/files/product_21_image2.jpg?v=1756098710,2,CONVERSE | CHUCK TAYLOR ALL STAR II HI,,,,,,,,,,,,,,,,,,,,,,,,,,,,,,,,,,,,,,,,,,,,,,,,kg,,,,,,
converse-chuck-taylor-all-star-ii-hi,,,,,,,,,6,,,black,,,,,C-02-6-black,0.0,shopify,deny,manual,140.00,,true,true,,,,,,https://cdn.shopify.com/s/files/1/0707/7753/6680/files/product_21_image3.jpg?v=1756098710,3,CONVERSE | CHUCK TAYLOR ALL STAR II HI,,,,,,,,,,,,,,,,,,,,,,,,,,,,,,,,,,,,,,,,,,,,,,,,kg,,,,,,
converse-chuck-taylor-all-star-ii-hi,,,,,,,,,7,,,black,,,,,C-02-7-black,0.0,shopify,deny,manual,140.00,,true,true,,,,,,https://cdn.shopify.com/s/files/1/0707/7753/6680/files/product_21_image4.jpg?v=1756098710,4,CONVERSE | CHUCK TAYLOR ALL STAR II HI,,,,,,,,,,,,,,,,,,,,,,,,,,,,,,,,,,,,,,,,,,,,,,,,kg,,,,,,
converse-chuck-taylor-all-star-ii-hi,,,,,,,,,9,,,black,,,,,C-02-9-black,0.0,shopify,deny,manual,140.00,,true,true,,,,,,https://cdn.shopify.com/s/files/1/0707/7753/6680/files/product_21_image5.jpg?v=1756098710,5,CONVERSE | CHUCK TAYLOR ALL STAR II HI,,,,,,,,,,,,,,,,,,,,,,,,,,,,,,,,,,,,,,,,,,,,,,,,kg,,,,,,
converse-chuck-taylor-all-star-ii-hi,,,,,,,,,11,,,black,,,,,C-02-11-black,0.0,shopify,deny,manual,140.00,,true,true,,,,,,,,,,,,,,,,,,,,,,,,,,,,,,,,,,,,,,,,,,,,,,,,,,,,,,,,kg,,,,,,
converse-chuck-taylor-all-star-ii-hi,,,,,,,,,13,,,black,,,,,C-02-13-black,0.0,shopify,deny,manual,140.00,,true,true,,,,,,,,,,,,,,,,,,,,,,,,,,,,,,,,,,,,,,,,,,,,,,,,,,,,,,,,kg,,,,,,
converse-chuck-taylor-all-star-lo,CONVERSE | CHUCK TAYLOR ALL STAR LO,"The Converse Chuck Taylor All Star II Lo sneaker. Retaining the revolutionary silhouette we all rely on, but now made even better. New features include Lunarlon sockliner, adding cushioning and arch support. Micro-suede lining, premium canvas construction and a padded, non-slip tongue deliver superior comfort and durability. Moulded eyelets add a premium touch. The embossed, screen-printed license plate and embroidered, star-centered ankle patch add striking depth and dimension to recognizable, classic details.",CONVERSE,Uncategorized,SHOES,"clothes, converse, egnition-sample-data, men, summer",true,Size,3,,Color,white,,,,,C-01-3-white,0.0,shopify,deny,manual,100.00,,true,true,,,,,,https://cdn.shopify.com/s/files/1/0707/7753/6680/files/product_20_image1.jpg?v=1756098703,1,CONVERSE | CHUCK TAYLOR ALL STAR LO,false,,,,,,,,Delivered,🚚 Order within the next {{ countdown }} for delivery by {{ deliverydate }}.,Estimated arrival,Estimated dispatch,Order placed,,,,,,,,,,,,,,,,,,,,,,,,,,,,,,,,,,,kg,,,true,,,active
converse-chuck-taylor-all-star-lo,,,,,,,,,4,,,white,,,,,C-01-4-white,0.0,shopify,deny,manual,100.00,,true,true,,,,,,https://cdn.shopify.com/s/files/1/0707/7753/6680/files/product_20_image2.jpg?v=1756098703,2,CONVERSE | CHUCK TAYLOR ALL STAR LO,,,,,,,,,,,,,,,,,,,,,,,,,,,,,,,,,,,,,,,,,,,,,,,,kg,,,,,,
converse-chuck-taylor-all-star-lo,,,,,,,,,5,,,white,,,,,C-01-5-white,0.0,shopify,deny,manual,100.00,,true,true,,,,,,https://cdn.shopify.com/s/files/1/0707/7753/6680/files/product_20_image3.jpg?v=1756098703,3,CONVERSE | CHUCK TAYLOR ALL STAR LO,,,,,,,,,,,,,,,,,,,,,,,,,,,,,,,,,,,,,,,,,,,,,,,,kg,,,,,,
converse-chuck-taylor-all-star-lo,,,,,,,,,6,,,white,,,,,C-01-6-white,0.0,shopify,deny,manual,100.00,,true,true,,,,,,https://cdn.shopify.com/s/files/1/0707/7753/6680/files/product_20_image4.jpg?v=1756098704,4,CONVERSE | CHUCK TAYLOR ALL STAR LO,,,,,,,,,,,,,,,,,,,,,,,,,,,,,,,,,,,,,,,,,,,,,,,,kg,,,,,,
converse-chuck-taylor-all-star-lo,,,,,,,,,7,,,white,,,,,C-01-7-white,0.0,shopify,deny,manual,100.00,,true,true,,,,,,https://cdn.shopify.com/s/files/1/0707/7753/6680/files/product_20_image5.jpg?v=1756098703,5,CONVERSE | CHUCK TAYLOR ALL STAR LO,,,,,,,,,,,,,,,,,,,,,,,,,,,,,,,,,,,,,,,,,,,,,,,,kg,,,,,,
converse-chuck-taylor-all-star-lo,,,,,,,,,8,,,white,,,,,C-01-8-white,0.0,shopify,deny,manual,100.00,,true,true,,,,,,,,,,,,,,,,,,,,,,,,,,,,,,,,,,,,,,,,,,,,,,,,,,,,,,,,kg,,,,,,
converse-chuck-taylor-all-star-lo,,,,,,,,,9,,,white,,,,,C-01-9-white,0.0,shopify,deny,manual,100.00,,true,true,,,,,,,,,,,,,,,,,,,,,,,,,,,,,,,,,,,,,,,,,,,,,,,,,,,,,,,,kg,,,,,,
converse-chuck-taylor-all-star-lo,,,,,,,,,10,,,white,,,,,C-01-10-white,0.0,shopify,deny,manual,100.00,,true,true,,,,,,,,,,,,,,,,,,,,,,,,,,,,,,,,,,,,,,,,,,,,,,,,,,,,,,,,kg,,,,,,
converse-chuck-taylor-all-star-lo,,,,,,,,,11,,,white,,,,,C-01-11-white,0.0,shopify,deny,manual,100.00,,true,true,,,,,,,,,,,,,,,,,,,,,,,,,,,,,,,,,,,,,,,,,,,,,,,,,,,,,,,,kg,,,,,,
converse-chuck-taylor-all-star-lo,,,,,,,,,12,,,white,,,,,C-01-12-white,0.0,shopify,deny,manual,100.00,,true,true,,,,,,,,,,,,,,,,,,,,,,,,,,,,,,,,,,,,,,,,,,,,,,,,,,,,,,,,kg,,,,,,
converse-chuck-taylor-all-star-lo,,,,,,,,,13,,,white,,,,,C-01-13-white,0.0,shopify,deny,manual,100.00,,true,true,,,,,,,,,,,,,,,,,,,,,,,,,,,,,,,,,,,,,,,,,,,,,,,,,,,,,,,,kg,,,,,,
dr-martens-1460z-dmc-8-eye-boot-cherry-smooth,DR MARTENS | 1460Z DMC 8-EYE BOOT | CHERRY SMOOTH,"Make a statement with these iconic Dr Marten boots. This classic style has stood the test of time thanks to the combination of reinvented styling and the rugged yet urban look. Crafted with high-quality, durable leathers, the 1460OZ DMC 8-Eye Boot Cherry Smooth is made to last and will only get better with time. This lace-up boot features the iconic Dr Martens air-cushioned sole offering good abrasion and slip resistance, and is made with Goodyear welt - the sole and upper are heat-sealed and sewn together.",DR MARTENS,Uncategorized,SHOES,"autumn, clothes, drmartens, egnition-sample-data, spring, women",true,Size,3,,Color,red,,,,,DM-03-3-red,0.0,shopify,deny,manual,249.00,,true,true,,,,,,https://cdn.shopify.com/s/files/1/0707/7753/6680/files/product_19_image1.jpg?v=1756098696,1,DR MARTENS | 1460Z DMC 8-EYE BOOT | CHERRY SMOOTH,false,,,,,,,,Delivered,🚚 Order within the next {{ countdown }} for delivery by {{ deliverydate }}.,Estimated arrival,Estimated dispatch,Order placed,,,,,,,,,,,,,,,,,,,,,,,,,,,,,,,,,,,kg,,,true,,,active
dr-martens-1460z-dmc-8-eye-boot-cherry-smooth,,,,,,,,,4,,,red,,,,,DM-03-4-red,0.0,shopify,deny,manual,249.00,,true,true,,,,,,https://cdn.shopify.com/s/files/1/0707/7753/6680/files/product_19_image2.jpg?v=1756098696,2,DR MARTENS | 1460Z DMC 8-EYE BOOT | CHERRY SMOOTH,,,,,,,,,,,,,,,,,,,,,,,,,,,,,,,,,,,,,,,,,,,,,,,,kg,,,,,,
dr-martens-1460z-dmc-8-eye-boot-cherry-smooth,,,,,,,,,5,,,red,,,,,DM-03-5-red,0.0,shopify,deny,manual,249.00,,true,true,,,,,,https://cdn.shopify.com/s/files/1/0707/7753/6680/files/product_19_image3.jpg?v=1756098696,3,DR MARTENS | 1460Z DMC 8-EYE BOOT | CHERRY SMOOTH,,,,,,,,,,,,,,,,,,,,,,,,,,,,,,,,,,,,,,,,,,,,,,,,kg,,,,,,
dr-martens-1460z-dmc-8-eye-boot-cherry-smooth,,,,,,,,,6,,,red,,,,,DM-03-6-red,0.0,shopify,deny,manual,249.00,,true,true,,,,,,https://cdn.shopify.com/s/files/1/0707/7753/6680/files/product_19_image4.jpg?v=1756098696,4,DR MARTENS | 1460Z DMC 8-EYE BOOT | CHERRY SMOOTH,,,,,,,,,,,,,,,,,,,,,,,,,,,,,,,,,,,,,,,,,,,,,,,,kg,,,,,,
dr-martens-1460z-dmc-8-eye-boot-cherry-smooth,,,,,,,,,7,,,red,,,,,DM-03-7-red,0.0,shopify,deny,manual,249.00,,true,true,,,,,,https://cdn.shopify.com/s/files/1/0707/7753/6680/files/product_19_image5.jpg?v=1756098696,5,DR MARTENS | 1460Z DMC 8-EYE BOOT | CHERRY SMOOTH,,,,,,,,,,,,,,,,,,,,,,,,,,,,,,,,,,,,,,,,,,,,,,,,kg,,,,,,
dr-martens-1460z-dmc-8-eye-boot-cherry-smooth,,,,,,,,,8,,,red,,,,,DM-03-8-red,0.0,shopify,deny,manual,249.00,,true,true,,,,,,,,,,,,,,,,,,,,,,,,,,,,,,,,,,,,,,,,,,,,,,,,,,,,,,,,kg,,,,,,
dr-martens-1460z-dmc-8-eye-boot-cherry-smooth,,,,,,,,,10,,,red,,,,,DM-03-10-red,0.0,shopify,deny,manual,249.00,,true,true,,,,,,,,,,,,,,,,,,,,,,,,,,,,,,,,,,,,,,,,,,,,,,,,,,,,,,,,kg,,,,,,
dr-martens-1460z-dmc-8-eye-boot-cherry-smooth,,,,,,,,,11,,,red,,,,,DM-03-11-red,0.0,shopify,deny,manual,249.00,,true,true,,,,,,,,,,,,,,,,,,,,,,,,,,,,,,,,,,,,,,,,,,,,,,,,,,,,,,,,kg,,,,,,
dr-martens-1460z-dmc-8-eye-boot-cherry-smooth,,,,,,,,,12,,,red,,,,,DM-03-12-red,0.0,shopify,deny,manual,249.00,,true,true,,,,,,,,,,,,,,,,,,,,,,,,,,,,,,,,,,,,,,,,,,,,,,,,,,,,,,,,kg,,,,,,
dr-martens-1460z-dmc-8-eye-boot-cherry-smooth,,,,,,,,,13,,,red,,,,,DM-03-13-red,0.0,shopify,deny,manual,249.00,,true,true,,,,,,,,,,,,,,,,,,,,,,,,,,,,,,,,,,,,,,,,,,,,,,,,,,,,,,,,kg,,,,,,
dr-martens-1460z-dmc-8-eye-boot-cherry-smooth,,,,,,,,,15,,,red,,,,,DM-03-15-red,0.0,shopify,deny,manual,249.00,,true,true,,,,,,,,,,,,,,,,,,,,,,,,,,,,,,,,,,,,,,,,,,,,,,,,,,,,,,,,kg,,,,,,
dr-martens-cavendish-3-eye-shoe-black,DR MARTENS | CAVENDISH 3-EYE SHOE BLACK,"Make a statement with the Dr Marten's Cavendish 3-Eye shoe. Stamped with Docs trademade look, this lace-up shoe is crafted with high-quality, durable smooth leather, and has been made to last. This unique shoe features an air-cushioned sole offering good abrasion and slip resistance, and is made with Goodyear welt - the sole and upper are heat-sealed and sewn together.",DR MARTENS,Uncategorized,SHOES,"autumn, clothes, drmartens, egnition-sample-data, women",true,Size,4,,Color,black,,,,,DM-02-4-black,0.0,shopify,deny,manual,229.00,,true,true,,,,,,https://cdn.shopify.com/s/files/1/0707/7753/6680/files/product_18_image1.jpg?v=1756098691,1,DR MARTENS | CAVENDISH 3-EYE SHOE BLACK,false,,,,,,,,Delivered,🚚 Order within the next {{ countdown }} for delivery by {{ deliverydate }}.,Estimated arrival,Estimated dispatch,Order placed,,,,,,,,,,,,,,,,,,,,,,,,,,,,,,,,,,,kg,,,true,,,active
dr-martens-cavendish-3-eye-shoe-black,,,,,,,,,5,,,black,,,,,DM-02-5-black,0.0,shopify,deny,manual,229.00,,true,true,,,,,,https://cdn.shopify.com/s/files/1/0707/7753/6680/files/product_18_image2.jpg?v=1756098691,2,DR MARTENS | CAVENDISH 3-EYE SHOE BLACK,,,,,,,,,,,,,,,,,,,,,,,,,,,,,,,,,,,,,,,,,,,,,,,,kg,,,,,,
dr-martens-cavendish-3-eye-shoe-black,,,,,,,,,6,,,black,,,,,DM-02-6-black,0.0,shopify,deny,manual,229.00,,true,true,,,,,,https://cdn.shopify.com/s/files/1/0707/7753/6680/files/product_18_image3.jpg?v=1756098691,3,DR MARTENS | CAVENDISH 3-EYE SHOE BLACK,,,,,,,,,,,,,,,,,,,,,,,,,,,,,,,,,,,,,,,,,,,,,,,,kg,,,,,,
dr-martens-cavendish-3-eye-shoe-black,,,,,,,,,7,,,black,,,,,DM-02-7-black,0.0,shopify,deny,manual,229.00,,true,true,,,,,,https://cdn.shopify.com/s/files/1/0707/7753/6680/files/product_18_image4.jpg?v=1756098691,4,DR MARTENS | CAVENDISH 3-EYE SHOE BLACK,,,,,,,,,,,,,,,,,,,,,,,,,,,,,,,,,,,,,,,,,,,,,,,,kg,,,,,,
dr-martens-cavendish-3-eye-shoe-black,,,,,,,,,8,,,black,,,,,DM-02-8-black,0.0,shopify,deny,manual,229.00,,true,true,,,,,,https://cdn.shopify.com/s/files/1/0707/7753/6680/files/product_18_image5.jpg?v=1756098691,5,DR MARTENS | CAVENDISH 3-EYE SHOE BLACK,,,,,,,,,,,,,,,,,,,,,,,,,,,,,,,,,,,,,,,,,,,,,,,,kg,,,,,,
dr-martens-cavendish-3-eye-shoe-black,,,,,,,,,9,,,black,,,,,DM-02-9-black,0.0,shopify,deny,manual,229.00,,true,true,,,,,,,,,,,,,,,,,,,,,,,,,,,,,,,,,,,,,,,,,,,,,,,,,,,,,,,,kg,,,,,,
dr-martens-1461-dmc-3-eye-shoe-black-smooth,DR MARTENS | 1461 DMC 3-EYE SHOE | BLACK SMOOTH,"Make a statement with the iconic Dr Marten's 1461Z DMC 3-Eye shoe. Stamped with Docs trademade look, this lace-up shoe is crafted with high-quality, durable smooth leather, and has been made to last. This unique shoe features an air-cushioned sole offering good abrasion and slip resistance, and is made with Goodyear welt - the sole and upper are heat-sealed and sewn together.",DR MARTENS,Uncategorized,SHOES,"autumn, clothes, drmartens, egnition-sample-data, spring, women",true,Size,5,,Color,black,,,,,DM-01-5-black,0.0,shopify,deny,manual,229.00,,true,true,,,,,,https://cdn.shopify.com/s/files/1/0707/7753/6680/files/product_17_image1.jpg?v=1756098685,1,DR MARTENS | 1461 DMC 3-EYE SHOE | BLACK SMOOTH,false,,,,,,,,Delivered,🚚 Order within the next {{ countdown }} for delivery by {{ deliverydate }}.,Estimated arrival,Estimated dispatch,Order placed,,,,,,,,,,,,,,,,,,,,,,,,,,,,,,,,,,,kg,,,true,,,active
dr-martens-1461-dmc-3-eye-shoe-black-smooth,,,,,,,,,6,,,black,,,,,DM-01-6-black,0.0,shopify,deny,manual,229.00,,true,true,,,,,,https://cdn.shopify.com/s/files/1/0707/7753/6680/files/product_17_image3.jpg?v=1756098685,2,DR MARTENS | 1461 DMC 3-EYE SHOE | BLACK SMOOTH,,,,,,,,,,,,,,,,,,,,,,,,,,,,,,,,,,,,,,,,,,,,,,,,kg,,,,,,
dr-martens-1461-dmc-3-eye-shoe-black-smooth,,,,,,,,,7,,,black,,,,,DM-01-7-black,0.0,shopify,deny,manual,229.00,,true,true,,,,,,https://cdn.shopify.com/s/files/1/0707/7753/6680/files/product_17_image4.jpg?v=1756098685,3,DR MARTENS | 1461 DMC 3-EYE SHOE | BLACK SMOOTH,,,,,,,,,,,,,,,,,,,,,,,,,,,,,,,,,,,,,,,,,,,,,,,,kg,,,,,,
dr-martens-1461-dmc-3-eye-shoe-black-smooth,,,,,,,,,8,,,black,,,,,DM-01-8-black,0.0,shopify,deny,manual,229.00,,true,true,,,,,,https://cdn.shopify.com/s/files/1/0707/7753/6680/files/product_17_image5.jpg?v=1756098685,4,DR MARTENS | 1461 DMC 3-EYE SHOE | BLACK SMOOTH,,,,,,,,,,,,,,,,,,,,,,,,,,,,,,,,,,,,,,,,,,,,,,,,kg,,,,,,
dr-martens-1461-dmc-3-eye-shoe-black-smooth,,,,,,,,,9,,,black,,,,,DM-01-9-black,0.0,shopify,deny,manual,229.00,,true,true,,,,,,,,,,,,,,,,,,,,,,,,,,,,,,,,,,,,,,,,,,,,,,,,,,,,,,,,kg,,,,,,
dr-martens-1461-dmc-3-eye-shoe-black-smooth,,,,,,,,,10,,,black,,,,,DM-01-10-black,0.0,shopify,deny,manual,229.00,,true,true,,,,,,,,,,,,,,,,,,,,,,,,,,,,,,,,,,,,,,,,,,,,,,,,,,,,,,,,kg,,,,,,
dr-martens-1461-dmc-3-eye-shoe-black-smooth,,,,,,,,,11,,,black,,,,,DM-01-11-black,0.0,shopify,deny,manual,229.00,,true,true,,,,,,,,,,,,,,,,,,,,,,,,,,,,,,,,,,,,,,,,,,,,,,,,,,,,,,,,kg,,,,,,
dr-martens-1461-dmc-3-eye-shoe-black-smooth,,,,,,,,,12,,,black,,,,,DM-01-12-black,0.0,shopify,deny,manual,229.00,,true,true,,,,,,,,,,,,,,,,,,,,,,,,,,,,,,,,,,,,,,,,,,,,,,,,,,,,,,,,kg,,,,,,
nike-crackle-print-tb-tee,NIKE | CRACKLE PRINT TB TEE,"Meet your new favorite tee, the Nike Crackle Print T-Shirt. Bringing its A-game in soft, premium fabric, it features a ribbed crew neck and a woven Nike label on the hem.",NIKE,Uncategorized,T-SHIRTS,"clothes, egnition-sample-data, men, nike, summer",true,Size,s,,Color,blue,,,,,NK-01-s-blue,0.0,shopify,deny,manual,40.00,,true,true,,,,,,https://cdn.shopify.com/s/files/1/0707/7753/6680/files/product_16_image1.jpg?v=1756098679,1,NIKE | CRACKLE PRINT TB TEE,false,,,,,,,,Delivered,🚚 Order within the next {{ countdown }} for delivery by {{ deliverydate }}.,Estimated arrival,Estimated dispatch,Order placed,,,,,,,,,,,,,,,,,,,,,,,,,,,,,,,,,,,kg,,,true,,,active
nike-crackle-print-tb-tee,,,,,,,,,m,,,blue,,,,,NK-01-m-blue,0.0,shopify,deny,manual,40.00,,true,true,,,,,,https://cdn.shopify.com/s/files/1/0707/7753/6680/files/product_16_image2.jpg?v=1756098679,2,NIKE | CRACKLE PRINT TB TEE,,,,,,,,,,,,,,,,,,,,,,,,,,,,,,,,,,,,,,,,,,,,,,,,kg,,,,,,
nike-crackle-print-tb-tee,,,,,,,,,l,,,blue,,,,,NK-01-l-blue,0.0,shopify,deny,manual,40.00,,true,true,,,,,,https://cdn.shopify.com/s/files/1/0707/7753/6680/files/product_16_image3.jpg?v=1756098679,3,NIKE | CRACKLE PRINT TB TEE,,,,,,,,,,,,,,,,,,,,,,,,,,,,,,,,,,,,,,,,,,,,,,,,kg,,,,,,
nike-crackle-print-tb-tee,,,,,,,,,xl,,,blue,,,,,NK-01-xl-blue,0.0,shopify,deny,manual,40.00,,true,true,,,,,,,,,,,,,,,,,,,,,,,,,,,,,,,,,,,,,,,,,,,,,,,,,,,,,,,,kg,,,,,,
timberland-mens-6-inch-premium-boot,TIMBERLAND | MENS 6 INCH PREMIUM BOOT,"Timberland has been refining their craft of producing hard-wearing boots for decades. The 6-Inch Premium Waterproof Boot (or Wheat Boot) is the original men's Timberland boot and was first designed nearly 40 years ago. Continuous improvements to the design and construction, such as the addition of Timberland's exclusive anti-fatigue technology for all day comfort, has cemented these boots as a sturdy and dependable staple in anyone's shoe collection. The premium waterproof leather, seam-sealed construction and rugged lug outsoles provides long-lasting durability and comfort to help you get through any environmental conditions and adventure. An absolute must-have.",TIMBERLAND,Uncategorized,SHOES,"clothes, egnition-sample-data, men, timberland, winter",true,Size,7,,Color,yellow,,,,,TM-01-7-yellow,0.0,shopify,deny,manual,299.95,,true,true,,,,,,https://cdn.shopify.com/s/files/1/0707/7753/6680/files/product_15_image1.jpg?v=1756098673,1,TIMBERLAND | MENS 6 INCH PREMIUM BOOT,false,,,,,,,,Delivered,🚚 Order within the next {{ countdown }} for delivery by {{ deliverydate }}.,Estimated arrival,Estimated dispatch,Order placed,,,,,,,,,,,,,,,,,,,,,,,,,,,,,,,,,,,kg,,,true,,,active
timberland-mens-6-inch-premium-boot,,,,,,,,,8,,,yellow,,,,,TM-01-8-yellow,0.0,shopify,deny,manual,299.95,,true,true,,,,,,https://cdn.shopify.com/s/files/1/0707/7753/6680/files/product_15_image2.jpg?v=1756098673,2,TIMBERLAND | MENS 6 INCH PREMIUM BOOT,,,,,,,,,,,,,,,,,,,,,,,,,,,,,,,,,,,,,,,,,,,,,,,,kg,,,,,,
timberland-mens-6-inch-premium-boot,,,,,,,,,9,,,yellow,,,,,TM-01-9-yellow,0.0,shopify,deny,manual,299.95,,true,true,,,,,,https://cdn.shopify.com/s/files/1/0707/7753/6680/files/product_15_image3.jpg?v=1756098673,3,TIMBERLAND | MENS 6 INCH PREMIUM BOOT,,,,,,,,,,,,,,,,,,,,,,,,,,,,,,,,,,,,,,,,,,,,,,,,kg,,,,,,
timberland-mens-6-inch-premium-boot,,,,,,,,,10,,,yellow,,,,,TM-01-10-yellow,0.0,shopify,deny,manual,299.95,,true,true,,,,,,https://cdn.shopify.com/s/files/1/0707/7753/6680/files/product_15_image4.jpg?v=1756098673,4,TIMBERLAND | MENS 6 INCH PREMIUM BOOT,,,,,,,,,,,,,,,,,,,,,,,,,,,,,,,,,,,,,,,,,,,,,,,,kg,,,,,,
timberland-mens-6-inch-premium-boot,,,,,,,,,11,,,yellow,,,,,TM-01-11-yellow,0.0,shopify,deny,manual,299.95,,true,true,,,,,,https://cdn.shopify.com/s/files/1/0707/7753/6680/files/product_15_image5.jpg?v=1756098673,5,TIMBERLAND | MENS 6 INCH PREMIUM BOOT,,,,,,,,,,,,,,,,,,,,,,,,,,,,,,,,,,,,,,,,,,,,,,,,kg,,,,,,
timberland-mens-6-inch-premium-boot,,,,,,,,,12,,,yellow,,,,,TM-01-12-yellow,0.0,shopify,deny,manual,299.95,,true,true,,,,,,,,,,,,,,,,,,,,,,,,,,,,,,,,,,,,,,,,,,,,,,,,,,,,,,,,kg,,,,,,
timberland-mens-6-inch-premium-boot,,,,,,,,,13,,,yellow,,,,,TM-01-13-yellow,0.0,shopify,deny,manual,299.95,,true,true,,,,,,,,,,,,,,,,,,,,,,,,,,,,,,,,,,,,,,,,,,,,,,,,,,,,,,,,kg,,,,,,
timberland-mens-6-inch-premium-boot,,,,,,,,,14,,,yellow,,,,,TM-01-14-yellow,0.0,shopify,deny,manual,299.95,,true,true,,,,,,,,,,,,,,,,,,,,,,,,,,,,,,,,,,,,,,,,,,,,,,,,,,,,,,,,kg,,,,,,
timberland-mens-6-inch-premium-boot,,,,,,,,,15,,,yellow,,,,,TM-01-15-yellow,0.0,shopify,deny,manual,299.95,,true,true,,,,,,,,,,,,,,,,,,,,,,,,,,,,,,,,,,,,,,,,,,,,,,,,,,,,,,,,kg,,,,,,
vans-classic-slip-on-perforated-suede,VANS | CLASSIC SLIP-ON (PERFORATED SUEDE),"The Perforated Suede Classic Slip-On features low profile slip-on perforated suede uppers,, padded collars, elastic side accents, and signature rubber waffle outsoles.",VANS,Uncategorized,SHOES,"clothes, egnition-sample-data, men, summer, vans",true,Size,4,,Color,beige,,,,,VN-09-4-beige,0.0,shopify,deny,manual,119.95,,true,true,,,,,,https://cdn.shopify.com/s/files/1/0707/7753/6680/files/product_14_image1.jpg?v=1756098667,1,VANS | CLASSIC SLIP-ON (PERFORATED SUEDE),false,,,,,,,,Delivered,🚚 Order within the next {{ countdown }} for delivery by {{ deliverydate }}.,Estimated arrival,Estimated dispatch,Order placed,,,,,,,,,,,,,,,,,,,,,,,,,,,,,,,,,,,kg,,,true,,,active
vans-classic-slip-on-perforated-suede,,,,,,,,,5,,,beige,,,,,VN-09-5-beige,0.0,shopify,deny,manual,119.95,,true,true,,,,,,https://cdn.shopify.com/s/files/1/0707/7753/6680/files/product_14_image2.jpg?v=1756098667,2,VANS | CLASSIC SLIP-ON (PERFORATED SUEDE),,,,,,,,,,,,,,,,,,,,,,,,,,,,,,,,,,,,,,,,,,,,,,,,kg,,,,,,
vans-classic-slip-on-perforated-suede,,,,,,,,,6,,,beige,,,,,VN-09-6-beige,0.0,shopify,deny,manual,119.95,,true,true,,,,,,https://cdn.shopify.com/s/files/1/0707/7753/6680/files/product_14_image3.jpg?v=1756098667,3,VANS | CLASSIC SLIP-ON (PERFORATED SUEDE),,,,,,,,,,,,,,,,,,,,,,,,,,,,,,,,,,,,,,,,,,,,,,,,kg,,,,,,
vans-classic-slip-on-perforated-suede,,,,,,,,,7,,,beige,,,,,VN-09-7-beige,0.0,shopify,deny,manual,119.95,,true,true,,,,,,https://cdn.shopify.com/s/files/1/0707/7753/6680/files/product_14_image4.jpg?v=1756098667,4,VANS | CLASSIC SLIP-ON (PERFORATED SUEDE),,,,,,,,,,,,,,,,,,,,,,,,,,,,,,,,,,,,,,,,,,,,,,,,kg,,,,,,
vans-classic-slip-on-perforated-suede,,,,,,,,,8,,,beige,,,,,VN-09-8-beige,0.0,shopify,deny,manual,119.95,,true,true,,,,,,https://cdn.shopify.com/s/files/1/0707/7753/6680/files/product_14_image5.jpg?v=1756098667,5,VANS | CLASSIC SLIP-ON (PERFORATED SUEDE),,,,,,,,,,,,,,,,,,,,,,,,,,,,,,,,,,,,,,,,,,,,,,,,kg,,,,,,
vans-classic-slip-on-perforated-suede,,,,,,,,,9,,,beige,,,,,VN-09-9-beige,0.0,shopify,deny,manual,119.95,,true,true,,,,,,,,,,,,,,,,,,,,,,,,,,,,,,,,,,,,,,,,,,,,,,,,,,,,,,,,kg,,,,,,
vans-old-skool-butterfly-true-white-black,VANS | OLD SKOOL (BUTTERFLY) TRUE WHITE | BLACK,"Vans are a staple in skate culture and street style, and this skate sneaker is no exception. Introduced in 1977, the Vans Old Skool sneaker is a classic in the Vans collection. Full of attitude, the Old Skool is durable and lightweight, and can give the other boys in the collection a run for its money. Constructed from canvas, The Vans Old Skool features contrasting suede panels along the toe and heel, plus the iconic stripe along the side of the shoe, and sits over a chunky midsole.",VANS,Uncategorized,SHOES,"clothes, egnition-sample-data, men, summer, vans",true,Size,4,,Color,white,,,,,VN-08-4-white,0.0,shopify,deny,manual,129.95,,true,true,,,,,,https://cdn.shopify.com/s/files/1/0707/7753/6680/files/product_13_image1.jpg?v=1756098662,1,VANS | OLD SKOOL (BUTTERFLY) TRUE WHITE | BLACK,false,,,,,,,,Delivered,🚚 Order within the next {{ countdown }} for delivery by {{ deliverydate }}.,Estimated arrival,Estimated dispatch,Order placed,,,,,,,,,,,,,,,,,,,,,,,,,,,,,,,,,,,kg,,,true,,,active
vans-old-skool-butterfly-true-white-black,,,,,,,,,5,,,white,,,,,VN-08-5-white,0.0,shopify,deny,manual,129.95,,true,true,,,,,,https://cdn.shopify.com/s/files/1/0707/7753/6680/files/product_13_image2.jpg?v=1756098661,2,VANS | OLD SKOOL (BUTTERFLY) TRUE WHITE | BLACK,,,,,,,,,,,,,,,,,,,,,,,,,,,,,,,,,,,,,,,,,,,,,,,,kg,,,,,,
vans-old-skool-butterfly-true-white-black,,,,,,,,,6,,,white,,,,,VN-08-6-white,0.0,shopify,deny,manual,129.95,,true,true,,,,,,https://cdn.shopify.com/s/files/1/0707/7753/6680/files/product_13_image3.jpg?v=1756098661,3,VANS | OLD SKOOL (BUTTERFLY) TRUE WHITE | BLACK,,,,,,,,,,,,,,,,,,,,,,,,,,,,,,,,,,,,,,,,,,,,,,,,kg,,,,,,
vans-old-skool-butterfly-true-white-black,,,,,,,,,7,,,white,,,,,VN-08-7-white,0.0,shopify,deny,manual,129.95,,true,true,,,,,,https://cdn.shopify.com/s/files/1/0707/7753/6680/files/product_13_image4.jpg?v=1756098661,4,VANS | OLD SKOOL (BUTTERFLY) TRUE WHITE | BLACK,,,,,,,,,,,,,,,,,,,,,,,,,,,,,,,,,,,,,,,,,,,,,,,,kg,,,,,,
vans-old-skool-butterfly-true-white-black,,,,,,,,,8,,,white,,,,,VN-08-8-white,0.0,shopify,deny,manual,129.95,,true,true,,,,,,https://cdn.shopify.com/s/files/1/0707/7753/6680/files/product_13_image5.jpg?v=1756098661,5,VANS | OLD SKOOL (BUTTERFLY) TRUE WHITE | BLACK,,,,,,,,,,,,,,,,,,,,,,,,,,,,,,,,,,,,,,,,,,,,,,,,kg,,,,,,
vans-old-skool-butterfly-true-white-black,,,,,,,,,9,,,white,,,,,VN-08-9-white,0.0,shopify,deny,manual,129.95,,true,true,,,,,,,,,,,,,,,,,,,,,,,,,,,,,,,,,,,,,,,,,,,,,,,,,,,,,,,,kg,,,,,,
vans-sh-8-hi,VANS | SH-8 HI,"Vans are a staple in skate culture and street style, and this skate sneaker is no exception. Introduced in the early 70's, the Vans SK8 Hi was responsible for the reduced number of ankle injuries in the skating scene with the extra padded ankle support, but its popularity has grown across different cultural scenes. The Vans SK8 Hi True White is constructed from a combination of canvas and suede and features the signature side stripe detail and vulcanized waffle sole. Available in a range of colours.",VANS,Uncategorized,SHOES,"autumn, clothes, egnition-sample-data, men, spring, vans",true,Size,4,,Color,black,,,,,VN-07-4-black,0.0,shopify,deny,manual,129.95,,true,true,,,,,,https://cdn.shopify.com/s/files/1/0707/7753/6680/files/product_12_image1.jpg?v=1756098655,1,VANS | SH-8 HI,false,,,,,,,,Delivered,🚚 Order within the next {{ countdown }} for delivery by {{ deliverydate }}.,Estimated arrival,Estimated dispatch,Order placed,,,,,,,,,,,,,,,,,,,,,,,,,,,,,,,,,,,kg,,,true,,,active
vans-sh-8-hi,,,,,,,,,5,,,black,,,,,VN-07-5-black,0.0,shopify,deny,manual,129.95,,true,true,,,,,,https://cdn.shopify.com/s/files/1/0707/7753/6680/files/product_12_image2.jpg?v=1756098655,2,VANS | SH-8 HI,,,,,,,,,,,,,,,,,,,,,,,,,,,,,,,,,,,,,,,,,,,,,,,,kg,,,,,,
vans-sh-8-hi,,,,,,,,,6,,,black,,,,,VN-07-6-black,0.0,shopify,deny,manual,129.95,,true,true,,,,,,https://cdn.shopify.com/s/files/1/0707/7753/6680/files/product_12_image3.jpg?v=1756098655,3,VANS | SH-8 HI,,,,,,,,,,,,,,,,,,,,,,,,,,,,,,,,,,,,,,,,,,,,,,,,kg,,,,,,
vans-sh-8-hi,,,,,,,,,7,,,black,,,,,VN-07-7-black,0.0,shopify,deny,manual,129.95,,true,true,,,,,,https://cdn.shopify.com/s/files/1/0707/7753/6680/files/product_12_image4.jpg?v=1756098655,4,VANS | SH-8 HI,,,,,,,,,,,,,,,,,,,,,,,,,,,,,,,,,,,,,,,,,,,,,,,,kg,,,,,,
vans-sh-8-hi,,,,,,,,,8,,,black,,,,,VN-07-8-black,0.0,shopify,deny,manual,129.95,,true,true,,,,,,https://cdn.shopify.com/s/files/1/0707/7753/6680/files/product_12_image5.jpg?v=1756098655,5,VANS | SH-8 HI,,,,,,,,,,,,,,,,,,,,,,,,,,,,,,,,,,,,,,,,,,,,,,,,kg,,,,,,
vans-sh-8-hi,,,,,,,,,9,,,black,,,,,VN-07-9-black,0.0,shopify,deny,manual,129.95,,true,true,,,,,,,,,,,,,,,,,,,,,,,,,,,,,,,,,,,,,,,,,,,,,,,,,,,,,,,,kg,,,,,,
vans-sh-8-hi,,,,,,,,,10,,,black,,,,,VN-07-10-black,0.0,shopify,deny,manual,129.95,,true,true,,,,,,,,,,,,,,,,,,,,,,,,,,,,,,,,,,,,,,,,,,,,,,,,,,,,,,,,kg,,,,,,
vans-sh-8-hi,,,,,,,,,11,,,black,,,,,VN-07-11-black,0.0,shopify,deny,manual,129.95,,true,true,,,,,,,,,,,,,,,,,,,,,,,,,,,,,,,,,,,,,,,,,,,,,,,,,,,,,,,,kg,,,,,,
vans-sh-8-hi,,,,,,,,,12,,,black,,,,,VN-07-12-black,0.0,shopify,deny,manual,129.95,,true,true,,,,,,,,,,,,,,,,,,,,,,,,,,,,,,,,,,,,,,,,,,,,,,,,,,,,,,,,kg,,,,,,
vans-sh-8-hi,,,,,,,,,14,,,black,,,,,VN-07-14-black,0.0,shopify,deny,manual,129.95,,true,true,,,,,,,,,,,,,,,,,,,,,,,,,,,,,,,,,,,,,,,,,,,,,,,,,,,,,,,,kg,,,,,,
vans-era-59-desert-cowboy,VANS | ERA 59 (DESERT COWBOY),"Vans are a staple in skate culture and street style, and the Vans Era 59 is no exception. This classic lace-up skate shoe is focused on ultimate comfort and cool. Constructed from canvas with leather accents which sets it apart from the original Era, it features a soft footbed, double stitched vamp, a padded tongue and lining, as well as Vans' signature waffle sole. ",VANS,Uncategorized,SHOES,"clothes, egnition-sample-data, men, summer, vans",true,Size,9,,Color,light_brown,,,,,VN-06-9-light_brown,0.0,shopify,deny,manual,109.95,,true,true,,,,,,https://cdn.shopify.com/s/files/1/0707/7753/6680/files/product_11_image1.jpg?v=1756098650,1,VANS | ERA 59 (DESERT COWBOY),false,,,,,,,,Delivered,🚚 Order within the next {{ countdown }} for delivery by {{ deliverydate }}.,Estimated arrival,Estimated dispatch,Order placed,,,,,,,,,,,,,,,,,,,,,,,,,,,,,,,,,,,kg,,,true,,,active
vans-era-59-desert-cowboy,,,,,,,,,10,,,light_brown,,,,,VN-06-10-light_brown,0.0,shopify,deny,manual,109.95,,true,true,,,,,,https://cdn.shopify.com/s/files/1/0707/7753/6680/files/product_11_image2.jpg?v=1756098650,2,VANS | ERA 59 (DESERT COWBOY),,,,,,,,,,,,,,,,,,,,,,,,,,,,,,,,,,,,,,,,,,,,,,,,kg,,,,,,
vans-era-59-desert-cowboy,,,,,,,,,11,,,light_brown,,,,,VN-06-11-light_brown,0.0,shopify,deny,manual,109.95,,true,true,,,,,,https://cdn.shopify.com/s/files/1/0707/7753/6680/files/product_11_image3.jpg?v=1756098649,3,VANS | ERA 59 (DESERT COWBOY),,,,,,,,,,,,,,,,,,,,,,,,,,,,,,,,,,,,,,,,,,,,,,,,kg,,,,,,
vans-era-59-desert-cowboy,,,,,,,,,12,,,light_brown,,,,,VN-06-12-light_brown,0.0,shopify,deny,manual,109.95,,true,true,,,,,,https://cdn.shopify.com/s/files/1/0707/7753/6680/files/product_11_image4.jpg?v=1756098650,4,VANS | ERA 59 (DESERT COWBOY),,,,,,,,,,,,,,,,,,,,,,,,,,,,,,,,,,,,,,,,,,,,,,,,kg,,,,,,
vans-era-59-desert-cowboy,,,,,,,,,13,,,light_brown,,,,,VN-06-13-light_brown,0.0,shopify,deny,manual,109.95,,true,true,,,,,,https://cdn.shopify.com/s/files/1/0707/7753/6680/files/product_11_image5.jpg?v=1756098650,5,VANS | ERA 59 (DESERT COWBOY),,,,,,,,,,,,,,,,,,,,,,,,,,,,,,,,,,,,,,,,,,,,,,,,kg,,,,,,
adidas-superstar-80s,ADIDAS | SUPERSTAR 80S,"There's a shell toe for every season, and the adidas Originals Superstar 80s shoes have a full grain leather upper with a shiny badge on the tongue that makes these shoes ready for any time of year.",ADIDAS,Uncategorized,SHOES,"adidas, autumn, clothes, egnition-sample-data, men, spring, summer",true,Size,5,,Color,white,,,,,AD-01-5-white,0.0,shopify,deny,manual,170.00,,true,true,,,,,,https://cdn.shopify.com/s/files/1/0707/7753/6680/files/product_10_image1.jpg?v=1756098643,1,ADIDAS | SUPERSTAR 80S,false,,,,,,,,Delivered,🚚 Order within the next {{ countdown }} for delivery by {{ deliverydate }}.,Estimated arrival,Estimated dispatch,Order placed,,,,,,,,,,,,,,,,,,,,,,,,,,,,,,,,,,,kg,,,true,,,active
adidas-superstar-80s,,,,,,,,,6,,,white,,,,,AD-01-6-white,0.0,shopify,deny,manual,170.00,,true,true,,,,,,https://cdn.shopify.com/s/files/1/0707/7753/6680/files/product_10_image2.jpg?v=1756098643,2,ADIDAS | SUPERSTAR 80S,,,,,,,,,,,,,,,,,,,,,,,,,,,,,,,,,,,,,,,,,,,,,,,,kg,,,,,,
adidas-superstar-80s,,,,,,,,,7,,,white,,,,,AD-01-7-white,0.0,shopify,deny,manual,170.00,,true,true,,,,,,https://cdn.shopify.com/s/files/1/0707/7753/6680/files/product_10_image3.jpg?v=1756098644,3,ADIDAS | SUPERSTAR 80S,,,,,,,,,,,,,,,,,,,,,,,,,,,,,,,,,,,,,,,,,,,,,,,,kg,,,,,,
adidas-superstar-80s,,,,,,,,,9,,,white,,,,,AD-01-9-white,0.0,shopify,deny,manual,170.00,,true,true,,,,,,https://cdn.shopify.com/s/files/1/0707/7753/6680/files/product_10_image4.jpg?v=1756098643,4,ADIDAS | SUPERSTAR 80S,,,,,,,,,,,,,,,,,,,,,,,,,,,,,,,,,,,,,,,,,,,,,,,,kg,,,,,,
adidas-superstar-80s,,,,,,,,,10,,,white,,,,,AD-01-10-white,0.0,shopify,deny,manual,170.00,,true,true,,,,,,https://cdn.shopify.com/s/files/1/0707/7753/6680/files/product_10_image5.jpg?v=1756098643,5,ADIDAS | SUPERSTAR 80S,,,,,,,,,,,,,,,,,,,,,,,,,,,,,,,,,,,,,,,,,,,,,,,,kg,,,,,,
adidas-superstar-80s,,,,,,,,,11,,,white,,,,,AD-01-11-white,0.0,shopify,deny,manual,170.00,,true,true,,,,,,,,,,,,,,,,,,,,,,,,,,,,,,,,,,,,,,,,,,,,,,,,,,,,,,,,kg,,,,,,
adidas-superstar-80s,,,,,,,,,12,,,white,,,,,AD-01-12-white,0.0,shopify,deny,manual,170.00,,true,true,,,,,,,,,,,,,,,,,,,,,,,,,,,,,,,,,,,,,,,,,,,,,,,,,,,,,,,,kg,,,,,,
supra-mens-vaider,SUPRA | MENS VAIDER,Supra introduces the Vaider. A stylishly designed high top upper on a vulcanized sole that supplies excellent traction and board feel. A padded collar and tongue lining provide superior comfort,SUPRA,Uncategorized,SHOES,"autumn, clothes, egnition-sample-data, men, spring, summer, supra",true,Size,9,,Color,gray,,,,,su-01-9-gray,0.0,shopify,deny,manual,169.95,,true,true,,,,,,https://cdn.shopify.com/s/files/1/0707/7753/6680/files/product_9_image1.jpg?v=1756098639,1,SUPRA | MENS VAIDER,false,,,,,,,,Delivered,🚚 Order within the next {{ countdown }} for delivery by {{ deliverydate }}.,Estimated arrival,Estimated dispatch,Order placed,,,,,,,,,,,,,,,,,,,,,,,,,,,,,,,,,,,kg,,,true,,,active
supra-mens-vaider,,,,,,,,,10,,,gray,,,,,su-01-10-gray,0.0,shopify,deny,manual,169.95,,true,true,,,,,,https://cdn.shopify.com/s/files/1/0707/7753/6680/files/product_9_image2.jpg?v=1756098639,2,SUPRA | MENS VAIDER,,,,,,,,,,,,,,,,,,,,,,,,,,,,,,,,,,,,,,,,,,,,,,,,kg,,,,,,
supra-mens-vaider,,,,,,,,,11,,,gray,,,,,su-01-11-gray,0.0,shopify,deny,manual,169.95,,true,true,,,,,,https://cdn.shopify.com/s/files/1/0707/7753/6680/files/product_9_image3.jpg?v=1756098639,3,SUPRA | MENS VAIDER,,,,,,,,,,,,,,,,,,,,,,,,,,,,,,,,,,,,,,,,,,,,,,,,kg,,,,,,
supra-mens-vaider,,,,,,,,,12,,,gray,,,,,su-01-12-gray,0.0,shopify,deny,manual,169.95,,true,true,,,,,,https://cdn.shopify.com/s/files/1/0707/7753/6680/files/product_9_image4.jpg?v=1756098639,4,SUPRA | MENS VAIDER,,,,,,,,,,,,,,,,,,,,,,,,,,,,,,,,,,,,,,,,,,,,,,,,kg,,,,,,
supra-mens-vaider,,,,,,,,,,,,,,,,,,,,,,,,,,,,,,,https://cdn.shopify.com/s/files/1/0707/7753/6680/files/product_9_image5.jpg?v=1756098639,5,SUPRA | MENS VAIDER,,,,,,,,,,,,,,,,,,,,,,,,,,,,,,,,,,,,,,,,,,,,,,,,,,,,,,
puma-suede-classic-regal,PUMA | SUEDE CLASSIC REGAL,"First introduced in 1968, the Puma Suede Classic is Puma's most epic sneaker with its athletic inspired design and smooth suede. The Puma Suede Classic Regal Red/White is constructed with a suede upper and contrasting low profile rubber sole, and fat laces, the classic continues to make its mark on the streets today.",PUMA,Uncategorized,SHOES,"clothes, egnition-sample-data, men, puma, summer",true,Size,5,,Color,red,,,,,PM-01-5-red,0.0,shopify,deny,manual,110.00,,true,true,,,,,,https://cdn.shopify.com/s/files/1/0707/7753/6680/files/product_8_image1.jpg?v=1756098634,1,PUMA | SUEDE CLASSIC REGAL,false,,,,,,,,Delivered,🚚 Order within the next {{ countdown }} for delivery by {{ deliverydate }}.,Estimated arrival,Estimated dispatch,Order placed,,,,,,,,,,,,,,,,,,,,,,,,,,,,,,,,,,,kg,,,true,,,active
puma-suede-classic-regal,,,,,,,,,6,,,red,,,,,PM-01-6-red,0.0,shopify,deny,manual,110.00,,true,true,,,,,,https://cdn.shopify.com/s/files/1/0707/7753/6680/files/product_8_image2.jpg?v=1756098634,2,PUMA | SUEDE CLASSIC REGAL,,,,,,,,,,,,,,,,,,,,,,,,,,,,,,,,,,,,,,,,,,,,,,,,kg,,,,,,
puma-suede-classic-regal,,,,,,,,,7,,,red,,,,,PM-01-7-red,0.0,shopify,deny,manual,110.00,,true,true,,,,,,https://cdn.shopify.com/s/files/1/0707/7753/6680/files/product_8_image3.jpg?v=1756098634,3,PUMA | SUEDE CLASSIC REGAL,,,,,,,,,,,,,,,,,,,,,,,,,,,,,,,,,,,,,,,,,,,,,,,,kg,,,,,,
puma-suede-classic-regal,,,,,,,,,8,,,red,,,,,PM-01-8-red,0.0,shopify,deny,manual,110.00,,true,true,,,,,,https://cdn.shopify.com/s/files/1/0707/7753/6680/files/product_8_image4.jpg?v=1756098634,4,PUMA | SUEDE CLASSIC REGAL,,,,,,,,,,,,,,,,,,,,,,,,,,,,,,,,,,,,,,,,,,,,,,,,kg,,,,,,
puma-suede-classic-regal,,,,,,,,,,,,,,,,,,,,,,,,,,,,,,,https://cdn.shopify.com/s/files/1/0707/7753/6680/files/product_8_image5.jpg?v=1756098634,5,PUMA | SUEDE CLASSIC REGAL,,,,,,,,,,,,,,,,,,,,,,,,,,,,,,,,,,,,,,,,,,,,,,,,,,,,,,
asics-tiger-gel-lyte-v-30-years-of-gel-pack,ASICS TIGER | GEL-LYTE V '30 YEARS OF GEL' PACK,"The iconic ASICS Tiger GEL-Lyte III was originally released in 1990. Having over two decades of performance heritage, it offers fine design detailing and a padded split tongue to eliminate tongue movement, built on a sleek silhouette. It comes as no surprise the Gel-Lyte III is a fast growing popular choice for sneaker enthusiasts all over the world.",ASICS TIGER,Uncategorized,SHOES,"asics-tiger, autumn, clothes, egnition-sample-data, men, spring",true,Size,4,,Color,black,,,,,AsTi-01-4-black,0.0,shopify,deny,manual,220.00,,true,true,,,,,,https://cdn.shopify.com/s/files/1/0707/7753/6680/files/product_7_image1.jpg?v=1756098629,1,ASICS TIGER | GEL-LYTE V '30 YEARS OF GEL' PACK,false,,,,,,,,Delivered,🚚 Order within the next {{ countdown }} for delivery by {{ deliverydate }}.,Estimated arrival,Estimated dispatch,Order placed,,,,,,,,,,,,,,,,,,,,,,,,,,,,,,,,,,,kg,,,true,,,active
asics-tiger-gel-lyte-v-30-years-of-gel-pack,,,,,,,,,8,,,black,,,,,AsTi-01-8-black,0.0,shopify,deny,manual,220.00,,true,true,,,,,,https://cdn.shopify.com/s/files/1/0707/7753/6680/files/product_7_image2.jpg?v=1756098629,2,ASICS TIGER | GEL-LYTE V '30 YEARS OF GEL' PACK,,,,,,,,,,,,,,,,,,,,,,,,,,,,,,,,,,,,,,,,,,,,,,,,kg,,,,,,
asics-tiger-gel-lyte-v-30-years-of-gel-pack,,,,,,,,,14,,,black,,,,,AsTi-01-14-black,0.0,shopify,deny,manual,220.00,,true,true,,,,,,https://cdn.shopify.com/s/files/1/0707/7753/6680/files/product_7_image3.jpg?v=1756098630,3,ASICS TIGER | GEL-LYTE V '30 YEARS OF GEL' PACK,,,,,,,,,,,,,,,,,,,,,,,,,,,,,,,,,,,,,,,,,,,,,,,,kg,,,,,,
asics-tiger-gel-lyte-v-30-years-of-gel-pack,,,,,,,,,,,,,,,,,,,,,,,,,,,,,,,https://cdn.shopify.com/s/files/1/0707/7753/6680/files/product_7_image4.jpg?v=1756098629,4,ASICS TIGER | GEL-LYTE V '30 YEARS OF GEL' PACK,,,,,,,,,,,,,,,,,,,,,,,,,,,,,,,,,,,,,,,,,,,,,,,,,,,,,,
asics-tiger-gel-lyte-v-30-years-of-gel-pack,,,,,,,,,,,,,,,,,,,,,,,,,,,,,,,https://cdn.shopify.com/s/files/1/0707/7753/6680/files/product_7_image5.jpg?v=1756098629,5,ASICS TIGER | GEL-LYTE V '30 YEARS OF GEL' PACK,,,,,,,,,,,,,,,,,,,,,,,,,,,,,,,,,,,,,,,,,,,,,,,,,,,,,,
palladium-pallatech-hi-tx-chevron,PALLADIUM | PALLATECH HI TX | CHEVRON,"The Palladium iconic classic receives a subtle, yet stylish update. The Pallatech Hi TX features a full grain leather upper with cotton canvas and soft cuff around the collar, providing even more comfort. The boot is finished with a single-unit molded rubber outsole, offering excellent traction while exploring your city. The EVA-cushioned footbed and hugging heel cup cradle the foot for lasting support.",PALLADIUM,Uncategorized,SHOES,"clothes, egnition-sample-data, men, palladium, winter",true,Size,9,,Color,red,,,,,"PAL-01
-9-red",0.0,shopify,deny,manual,159.95,,true,true,,,,,,https://cdn.shopify.com/s/files/1/0707/7753/6680/files/product_6_image1.jpg?v=1756098625,1,PALLADIUM | PALLATECH HI TX | CHEVRON,false,,,,,,,,Delivered,🚚 Order within the next {{ countdown }} for delivery by {{ deliverydate }}.,Estimated arrival,Estimated dispatch,Order placed,,,,,,,,,,,,,,,,,,,,,,,,,,,,,,,,,,,kg,,,true,,,active
palladium-pallatech-hi-tx-chevron,,,,,,,,,10,,,red,,,,,"PAL-01
-10-red",0.0,shopify,deny,manual,159.95,,true,true,,,,,,https://cdn.shopify.com/s/files/1/0707/7753/6680/files/product_6_image2.jpg?v=1756098625,2,PALLADIUM | PALLATECH HI TX | CHEVRON,,,,,,,,,,,,,,,,,,,,,,,,,,,,,,,,,,,,,,,,,,,,,,,,kg,,,,,,
palladium-pallatech-hi-tx-chevron,,,,,,,,,12,,,red,,,,,"PAL-01
-12-red",0.0,shopify,deny,manual,159.95,,true,true,,,,,,https://cdn.shopify.com/s/files/1/0707/7753/6680/files/product_6_image3.jpg?v=1756098625,3,PALLADIUM | PALLATECH HI TX | CHEVRON,,,,,,,,,,,,,,,,,,,,,,,,,,,,,,,,,,,,,,,,,,,,,,,,kg,,,,,,
palladium-pallatech-hi-tx-chevron,,,,,,,,,,,,,,,,,,,,,,,,,,,,,,,https://cdn.shopify.com/s/files/1/0707/7753/6680/files/product_6_image4.jpg?v=1756098625,4,PALLADIUM | PALLATECH HI TX | CHEVRON,,,,,,,,,,,,,,,,,,,,,,,,,,,,,,,,,,,,,,,,,,,,,,,,,,,,,,
palladium-pallatech-hi-tx-chevron,,,,,,,,,,,,,,,,,,,,,,,,,,,,,,,https://cdn.shopify.com/s/files/1/0707/7753/6680/files/product_6_image5.jpg?v=1756098625,5,PALLADIUM | PALLATECH HI TX | CHEVRON,,,,,,,,,,,,,,,,,,,,,,,,,,,,,,,,,,,,,,,,,,,,,,,,,,,,,,
vans-sk8-hi-decon-cutout-leaves-white,VANS | SK8-HI DECON (CUTOUT)| LEAVES/WHITE,The Vans Cut Out Sk8-Hi Decon brings a twist to the iconic Vans Sk8-Hi silhouette: a new deconstructed leather high-top upper with a custom die cut design that lets the material shape on its own accord without much structural constriction. It also features signature rubber waffle outsoles.,VANS,Uncategorized,SHOES,"autumn, clothes, egnition-sample-data, men, spring, summer, vans",true,Size,4,,Color,white,,,,,"VN-05
-4-white",0.0,shopify,deny,manual,179.95,,true,true,,,,,,https://cdn.shopify.com/s/files/1/0707/7753/6680/files/product_5_image1.jpg?v=1756098619,1,VANS | SK8-HI DECON (CUTOUT)| LEAVES/WHITE,false,,,,,,,,Delivered,🚚 Order within the next {{ countdown }} for delivery by {{ deliverydate }}.,Estimated arrival,Estimated dispatch,Order placed,,,,,,,,,,,,,,,,,,,,,,,,,,,,,,,,,,,kg,,,true,,,active
vans-sk8-hi-decon-cutout-leaves-white,,,,,,,,,5,,,white,,,,,"VN-05
-5-white",0.0,shopify,deny,manual,179.95,,true,true,,,,,,https://cdn.shopify.com/s/files/1/0707/7753/6680/files/product_5_image2.jpg?v=1756098619,2,VANS | SK8-HI DECON (CUTOUT)| LEAVES/WHITE,,,,,,,,,,,,,,,,,,,,,,,,,,,,,,,,,,,,,,,,,,,,,,,,kg,,,,,,
vans-sk8-hi-decon-cutout-leaves-white,,,,,,,,,6,,,white,,,,,"VN-05
-6-white",0.0,shopify,deny,manual,179.95,,true,true,,,,,,https://cdn.shopify.com/s/files/1/0707/7753/6680/files/product_5_image3.jpg?v=1756098619,3,VANS | SK8-HI DECON (CUTOUT)| LEAVES/WHITE,,,,,,,,,,,,,,,,,,,,,,,,,,,,,,,,,,,,,,,,,,,,,,,,kg,,,,,,
vans-sk8-hi-decon-cutout-leaves-white,,,,,,,,,7,,,white,,,,,"VN-05
-7-white",0.0,shopify,deny,manual,179.95,,true,true,,,,,,https://cdn.shopify.com/s/files/1/0707/7753/6680/files/product_5_image4.jpg?v=1756098619,4,VANS | SK8-HI DECON (CUTOUT)| LEAVES/WHITE,,,,,,,,,,,,,,,,,,,,,,,,,,,,,,,,,,,,,,,,,,,,,,,,kg,,,,,,
vans-sk8-hi-decon-cutout-leaves-white,,,,,,,,,8,,,white,,,,,"VN-05
-8-white",0.0,shopify,deny,manual,179.95,,true,true,,,,,,https://cdn.shopify.com/s/files/1/0707/7753/6680/files/product_5_image5.jpg?v=1756098619,5,VANS | SK8-HI DECON (CUTOUT)| LEAVES/WHITE,,,,,,,,,,,,,,,,,,,,,,,,,,,,,,,,,,,,,,,,,,,,,,,,kg,,,,,,
vans-sk8-hi-decon-cutout-leaves-white,,,,,,,,,9,,,white,,,,,"VN-05
-9-white",0.0,shopify,deny,manual,179.95,,true,true,,,,,,,,,,,,,,,,,,,,,,,,,,,,,,,,,,,,,,,,,,,,,,,,,,,,,,,,kg,,,,,,
vans-sk8-hi-decon-cutout-leaves-white,,,,,,,,,10,,,white,,,,,"VN-05
-10-white",0.0,shopify,deny,manual,179.95,,true,true,,,,,,,,,,,,,,,,,,,,,,,,,,,,,,,,,,,,,,,,,,,,,,,,,,,,,,,,kg,,,,,,
vans-era-59-moroccan-geo-dress-blues,"VANS |
ERA 59 MOROCCAN | GEO/DRESS BLUES","Vans are a staple in skate culture and street style, and the Vans Era 59 is no exception. This classic lace-up skate shoe is focused on ultimate comfort and cool. Constructed from canvas with leather accents which sets it apart from the original Era, it features a soft footbed, double stitched vamp, a padded tongue and lining, as well as Vans' signature waffle sole.",VANS,Uncategorized,SHOES,"clothes, egnition-sample-data, men, summer, vans",true,Size,8,,Color,blue,,,,,VN-04-8-blue,0.0,shopify,deny,manual,119.95,,true,true,,,,,,https://cdn.shopify.com/s/files/1/0707/7753/6680/files/product_4_image1.jpg?v=1756098614,1,"VANS |
ERA 59 MOROCCAN | GEO/DRESS BLUES",false,,,,,,,,Delivered,🚚 Order within the next {{ countdown }} for delivery by {{ deliverydate }}.,Estimated arrival,Estimated dispatch,Order placed,,,,,,,,,,,,,,,,,,,,,,,,,,,,,,,,,,,kg,,,true,,,active
vans-era-59-moroccan-geo-dress-blues,,,,,,,,,9,,,blue,,,,,VN-04-9-blue,0.0,shopify,deny,manual,119.95,,true,true,,,,,,https://cdn.shopify.com/s/files/1/0707/7753/6680/files/product_4_image2.jpg?v=1756098614,2,"VANS |
ERA 59 MOROCCAN | GEO/DRESS BLUES",,,,,,,,,,,,,,,,,,,,,,,,,,,,,,,,,,,,,,,,,,,,,,,,kg,,,,,,
vans-era-59-moroccan-geo-dress-blues,,,,,,,,,10,,,blue,,,,,VN-04-10-blue,0.0,shopify,deny,manual,119.95,,true,true,,,,,,https://cdn.shopify.com/s/files/1/0707/7753/6680/files/product_4_image3.jpg?v=1756098614,3,"VANS |
ERA 59 MOROCCAN | GEO/DRESS BLUES",,,,,,,,,,,,,,,,,,,,,,,,,,,,,,,,,,,,,,,,,,,,,,,,kg,,,,,,
vans-era-59-moroccan-geo-dress-blues,,,,,,,,,13,,,blue,,,,,VN-04-13-blue,0.0,shopify,deny,manual,119.95,,true,true,,,,,,https://cdn.shopify.com/s/files/1/0707/7753/6680/files/product_4_image4.jpg?v=1756098614,4,"VANS |
ERA 59 MOROCCAN | GEO/DRESS BLUES",,,,,,,,,,,,,,,,,,,,,,,,,,,,,,,,,,,,,,,,,,,,,,,,kg,,,,,,
vans-era-59-moroccan-geo-dress-blues,,,,,,,,,,,,,,,,,,,,,,,,,,,,,,,https://cdn.shopify.com/s/files/1/0707/7753/6680/files/product_4_image5.jpg?v=1756098614,5,"VANS |
ERA 59 MOROCCAN | GEO/DRESS BLUES",,,,,,,,,,,,,,,,,,,,,,,,,,,,,,,,,,,,,,,,,,,,,,,,,,,,,,
vans-authentic-butterfly-true-white-black,VANS | AUTHENTIC (BUTTERFLY) TRUE | WHITE / BLACK,"The forefather of the Vans family, the Vans Authentic was introduced in 1966 and nearly 4 decades later is still going strong, its popularity extending from the original fans - skaters and surfers to all sorts. The Vans Authentic is constructed from canvas and Vans' signature waffle outsole construction.",VANS,Uncategorized,SHOES,"clothes, egnition-sample-data, men, summer, vans",true,Size,4,,Color,white,,,,,VN-03-4-white,0.0,shopify,deny,manual,109.95,,true,true,,,,,,https://cdn.shopify.com/s/files/1/0707/7753/6680/files/product_3_image1.jpg?v=1756098609,1,VANS | AUTHENTIC (BUTTERFLY) TRUE | WHITE / BLACK,false,,,,,,,,Delivered,🚚 Order within the next {{ countdown }} for delivery by {{ deliverydate }}.,Estimated arrival,Estimated dispatch,Order placed,,,,,,,,,,,,,,,,,,,,,,,,,,,,,,,,,,,kg,,,true,,,active
vans-authentic-butterfly-true-white-black,,,,,,,,,5,,,white,,,,,VN-03-5-white,0.0,shopify,deny,manual,109.95,,true,true,,,,,,https://cdn.shopify.com/s/files/1/0707/7753/6680/files/product_3_image2.jpg?v=1756098609,2,VANS | AUTHENTIC (BUTTERFLY) TRUE | WHITE / BLACK,,,,,,,,,,,,,,,,,,,,,,,,,,,,,,,,,,,,,,,,,,,,,,,,kg,,,,,,
vans-authentic-butterfly-true-white-black,,,,,,,,,6,,,white,,,,,VN-03-6-white,0.0,shopify,deny,manual,109.95,,true,true,,,,,,https://cdn.shopify.com/s/files/1/0707/7753/6680/files/product_3_image3.jpg?v=1756098609,3,VANS | AUTHENTIC (BUTTERFLY) TRUE | WHITE / BLACK,,,,,,,,,,,,,,,,,,,,,,,,,,,,,,,,,,,,,,,,,,,,,,,,kg,,,,,,
vans-authentic-butterfly-true-white-black,,,,,,,,,7,,,white,,,,,VN-03-7-white,0.0,shopify,deny,manual,109.95,,true,true,,,,,,https://cdn.shopify.com/s/files/1/0707/7753/6680/files/product_3_image4.jpg?v=1756098609,4,VANS | AUTHENTIC (BUTTERFLY) TRUE | WHITE / BLACK,,,,,,,,,,,,,,,,,,,,,,,,,,,,,,,,,,,,,,,,,,,,,,,,kg,,,,,,
vans-authentic-butterfly-true-white-black,,,,,,,,,8,,,white,,,,,VN-03-8-white,0.0,shopify,deny,manual,109.95,,true,true,,,,,,https://cdn.shopify.com/s/files/1/0707/7753/6680/files/product_3_image5.jpg?v=1756098609,5,VANS | AUTHENTIC (BUTTERFLY) TRUE | WHITE / BLACK,,,,,,,,,,,,,,,,,,,,,,,,,,,,,,,,,,,,,,,,,,,,,,,,kg,,,,,,
vans-authentic-butterfly-true-white-black,,,,,,,,,9,,,white,,,,,VN-03-9-white,0.0,shopify,deny,manual,109.95,,true,true,,,,,,,,,,,,,,,,,,,,,,,,,,,,,,,,,,,,,,,,,,,,,,,,,,,,,,,,kg,,,,,,
vans-authentic-multi-eyelets-gradient-crimson,VANS | AUTHENTIC | (MULTI EYELETS) | GRADIENT/CRIMSON,"The forefather of the Vans family, the Vans Authentic was introduced in 1966 and nearly 4 decades later is still going strong, its popularity extending from the original fans - skaters and surfers to all sorts. The Vans Authentic is constructed from canvas and Vans' signature waffle outsole construction.",VANS,Uncategorized,SHOES,"clothes, egnition-sample-data, men, summer, vans",true,Size,5,,Color,red,,,,,VN-02-5-red,0.0,shopify,deny,manual,99.95,,true,true,,,,,,https://cdn.shopify.com/s/files/1/0707/7753/6680/files/product_2_image1.jpg?v=1756098602,1,VANS | AUTHENTIC | (MULTI EYELETS) | GRADIENT/CRIMSON,false,,,,,,,,Delivered,🚚 Order within the next {{ countdown }} for delivery by {{ deliverydate }}.,Estimated arrival,Estimated dispatch,Order placed,,,,,,,,,,,,,,,,,,,,,,,,,,,,,,,,,,,kg,,,true,,,active
vans-authentic-multi-eyelets-gradient-crimson,,,,,,,,,6,,,red,,,,,VN-02-6-red,0.0,shopify,deny,manual,99.95,,true,true,,,,,,https://cdn.shopify.com/s/files/1/0707/7753/6680/files/product_2_image2.jpg?v=1756098602,2,VANS | AUTHENTIC | (MULTI EYELETS) | GRADIENT/CRIMSON,,,,,,,,,,,,,,,,,,,,,,,,,,,,,,,,,,,,,,,,,,,,,,,,kg,,,,,,
vans-authentic-multi-eyelets-gradient-crimson,,,,,,,,,7,,,red,,,,,VN-02-7-red,0.0,shopify,deny,manual,99.95,,true,true,,,,,,https://cdn.shopify.com/s/files/1/0707/7753/6680/files/product_2_image3.jpg?v=1756098602,3,VANS | AUTHENTIC | (MULTI EYELETS) | GRADIENT/CRIMSON,,,,,,,,,,,,,,,,,,,,,,,,,,,,,,,,,,,,,,,,,,,,,,,,kg,,,,,,
vans-authentic-multi-eyelets-gradient-crimson,,,,,,,,,8,,,red,,,,,VN-02-8-red,0.0,shopify,deny,manual,99.95,,true,true,,,,,,https://cdn.shopify.com/s/files/1/0707/7753/6680/files/product_2_image4.jpg?v=1756098603,4,VANS | AUTHENTIC | (MULTI EYELETS) | GRADIENT/CRIMSON,,,,,,,,,,,,,,,,,,,,,,,,,,,,,,,,,,,,,,,,,,,,,,,,kg,,,,,,
vans-authentic-multi-eyelets-gradient-crimson,,,,,,,,,9,,,red,,,,,VN-02-9-red,0.0,shopify,deny,manual,99.95,,true,true,,,,,,https://cdn.shopify.com/s/files/1/0707/7753/6680/files/product_2_image5.jpg?v=1756098603,5,VANS | AUTHENTIC | (MULTI EYELETS) | GRADIENT/CRIMSON,,,,,,,,,,,,,,,,,,,,,,,,,,,,,,,,,,,,,,,,,,,,,,,,kg,,,,,,
vans-authentic-lo-pro-burgandy-white,VANS |AUTHENTIC | LO PRO | BURGANDY/WHITE,"The forefather of the Vans family, the original Vans Authentic was introduced in 1966 and nearly 4 decades later is still going strong, its popularity extending from the original fans - skaters and surfers to all sorts. Now remodeled into a low top lace-up with a slim silhouette, the Vans Authentic Lo Pro features sturdy canvas uppers with lower sidewalls, metal eyelets, and low profile mini waffle outsoles for a lightweight feel.",VANS,Uncategorized,SHOES,"clothes, egnition-sample-data, men, sale, summer, vans",true,Size,4,,Color,burgandy,,,,,VN-01-4-burgandy,0.0,shopify,deny,manual,29.00,,true,true,,,,,,https://cdn.shopify.com/s/files/1/0707/7753/6680/files/product_1_image1.jpg?v=1756098597,1,VANS |AUTHENTIC | LO PRO | BURGANDY/WHITE,false,,,,,,,,Delivered,🚚 Order within the next {{ countdown }} for delivery by {{ deliverydate }}.,Estimated arrival,Estimated dispatch,Order placed,,,,,,,,,,,,,,,,,,,,,,,,,,,,,,,,,,,kg,,,true,,,active
vans-authentic-lo-pro-burgandy-white,,,,,,,,,5,,,burgandy,,,,,VN-01-5-burgandy,0.0,shopify,deny,manual,29.00,,true,true,,,,,,https://cdn.shopify.com/s/files/1/0707/7753/6680/files/product_1_image2.jpg?v=1756098598,2,VANS |AUTHENTIC | LO PRO | BURGANDY/WHITE,,,,,,,,,,,,,,,,,,,,,,,,,,,,,,,,,,,,,,,,,,,,,,,,kg,,,,,,
vans-authentic-lo-pro-burgandy-white,,,,,,,,,10,,,burgandy,,,,,VN-01-10-burgandy,0.0,shopify,deny,manual,29.00,,true,true,,,,,,https://cdn.shopify.com/s/files/1/0707/7753/6680/files/product_1_image3.jpg?v=1756098597,3,VANS |AUTHENTIC | LO PRO | BURGANDY/WHITE,,,,,,,,,,,,,,,,,,,,,,,,,,,,,,,,,,,,,,,,,,,,,,,,kg,,,,,,
vans-authentic-lo-pro-burgandy-white,,,,,,,,,,,,,,,,,,,,,,,,,,,,,,,https://cdn.shopify.com/s/files/1/0707/7753/6680/files/product_1_image4.jpg?v=1756098598,4,VANS |AUTHENTIC | LO PRO | BURGANDY/WHITE,,,,,,,,,,,,,,,,,,,,,,,,,,,,,,,,,,,,,,,,,,,,,,,,,,,,,,
vans-authentic-lo-pro-burgandy-white,,,,,,,,,,,,,,,,,,,,,,,,,,,,,,,https://cdn.shopify.com/s/files/1/0707/7753/6680/files/product_1_image5.jpg?v=1756098598,5,VANS |AUTHENTIC | LO PRO | BURGANDY/WHITE,,,,,,,,,,,,,,,,,,,,,,,,,,,,,,,,,,,,,,,,,,,,,,,,,,,,,,
carolina-hurricanes®-custom,Carolina Hurricanes®,"",bahadur-startbit,Furniture > Outdoor Furniture > Outdoor Seating > Outdoor Chairs,"","",true,Chair Base Colour,black,product.metafields.shopify.color-pattern,Jersey Option,Home,,Chair Size,Adult,,,0.0,shopify,deny,manual,0.00,,true,true,,,,,"",https://cdn.shopify.com/s/files/1/0707/7753/6680/files/CarHome_Black_Front_lo_c652e032-5d71-4300-a50a-5f9fd5242b77.webp?v=1752212482,1,"",false,,,carolina-hurricanes®,,,,,Delivered,🚚 Order within the next {{ countdown }} for delivery by {{ deliverydate }}.,Estimated arrival,Estimated dispatch,Order placed,,,,,,,,,,,,,,,black; red; white,,,,,,,,,,,,,,,,,,,https://cdn.shopify.com/s/files/1/0707/7753/6680/files/CarHome_Black_Front_lo_c652e032-5d71-4300-a50a-5f9fd5242b77.webp?v=1752212482,kg,,,true,,,active
carolina-hurricanes®-custom,,,,,,,,,black,,,Home,,,Mini,,,0.0,shopify,deny,manual,0.00,,true,true,,,,,"",https://cdn.shopify.com/s/files/1/0707/7753/6680/files/Car_Away_Black_Front_lo_67cf0edd-6b75-46f0-b1b5-2262eb5702b9.webp?v=1752212688,2,"",,,,,,,,,,,,,,,,,,,,,,,,,,,,,,,,,,,,,,,,,,,,,,,https://cdn.shopify.com/s/files/1/0707/7753/6680/files/CarHome_Black_Front_lo_c652e032-5d71-4300-a50a-5f9fd5242b77.webp?v=1752212482,kg,,,,,,
carolina-hurricanes®-custom,,,,,,,,,black,,,Away,,,Adult,,,0.0,shopify,deny,manual,0.00,,true,true,,,,,"",https://cdn.shopify.com/s/files/1/0707/7753/6680/files/Car_3rd_Black_Front_lo_6337f494-caae-403d-ab61-98ffc27b60ac.webp?v=1752212482,3,"",,,,,,,,,,,,,,,,,,,,,,,,,,,,,,,,,,,,,,,,,,,,,,,https://cdn.shopify.com/s/files/1/0707/7753/6680/files/Car_Away_Black_Front_lo_67cf0edd-6b75-46f0-b1b5-2262eb5702b9.webp?v=1752212688,kg,,,,,,
carolina-hurricanes®-custom,,,,,,,,,black,,,Away,,,Mini,,,0.0,shopify,deny,manual,0.00,,true,true,,,,,"",https://cdn.shopify.com/s/files/1/0707/7753/6680/files/CarHome_Red_Front_lo_757c0488-7015-408e-b9b0-462d4e658969.webp?v=1752212482,4,"",,,,,,,,,,,,,,,,,,,,,,,,,,,,,,,,,,,,,,,,,,,,,,,https://cdn.shopify.com/s/files/1/0707/7753/6680/files/Car_Away_Black_Front_lo_67cf0edd-6b75-46f0-b1b5-2262eb5702b9.webp?v=1752212688,kg,,,,,,
carolina-hurricanes®-custom,,,,,,,,,black,,,Third,,,Adult,,,0.0,shopify,deny,manual,0.00,,true,true,,,,,"",https://cdn.shopify.com/s/files/1/0707/7753/6680/files/Car_Away_Red_Front_lo_1e669117-2158-4b09-a0ac-5caba8fcf57e.webp?v=1752212855,5,"",,,,,,,,,,,,,,,,,,,,,,,,,,,,,,,,,,,,,,,,,,,,,,,https://cdn.shopify.com/s/files/1/0707/7753/6680/files/Car_3rd_Black_Front_lo_6337f494-caae-403d-ab61-98ffc27b60ac.webp?v=1752212482,kg,,,,,,
carolina-hurricanes®-custom,,,,,,,,,black,,,Third,,,Mini,,,0.0,shopify,deny,manual,0.00,,true,true,,,,,"",https://cdn.shopify.com/s/files/1/0707/7753/6680/files/Car_3rd_Red_Front_lo_e934564e-0df6-4a71-9e13-ae5b55988e7e.webp?v=1752212482,6,"",,,,,,,,,,,,,,,,,,,,,,,,,,,,,,,,,,,,,,,,,,,,,,,https://cdn.shopify.com/s/files/1/0707/7753/6680/files/Car_3rd_Black_Front_lo_6337f494-caae-403d-ab61-98ffc27b60ac.webp?v=1752212482,kg,,,,,,
carolina-hurricanes®-custom,,,,,,,,,red,,,Home,,,Adult,,,0.0,shopify,deny,manual,0.00,,true,true,,,,,"",https://cdn.shopify.com/s/files/1/0707/7753/6680/files/CarHome_White_Front_lo_d165bc3f-f6c6-48c5-bb41-0a765e1e6224.webp?v=1752212482,7,"",,,,,,,,,,,,,,,,,,,,,,,,,,,,,,,,,,,,,,,,,,,,,,,https://cdn.shopify.com/s/files/1/0707/7753/6680/files/CarHome_Red_Front_lo_757c0488-7015-408e-b9b0-462d4e658969.webp?v=1752212482,kg,,,,,,
carolina-hurricanes®-custom,,,,,,,,,red,,,Home,,,Mini,,,0.0,shopify,deny,manual,0.00,,true,true,,,,,"",https://cdn.shopify.com/s/files/1/0707/7753/6680/files/Car_Away_White_Front_lo_d643bc48-820b-4843-863c-805e5019fa1e.webp?v=1752212482,8,"",,,,,,,,,,,,,,,,,,,,,,,,,,,,,,,,,,,,,,,,,,,,,,,https://cdn.shopify.com/s/files/1/0707/7753/6680/files/CarHome_Red_Front_lo_757c0488-7015-408e-b9b0-462d4e658969.webp?v=1752212482,kg,,,,,,
carolina-hurricanes®-custom,,,,,,,,,red,,,Away,,,Adult,,,0.0,shopify,deny,manual,0.00,,true,true,,,,,"",https://cdn.shopify.com/s/files/1/0707/7753/6680/files/Car_3rd_White_Front_lo_dacac721-cb7e-4659-9077-493983099468.webp?v=1752212482,9,"",,,,,,,,,,,,,,,,,,,,,,,,,,,,,,,,,,,,,,,,,,,,,,,https://cdn.shopify.com/s/files/1/0707/7753/6680/files/Car_Away_Red_Front_lo_1e669117-2158-4b09-a0ac-5caba8fcf57e.webp?v=1752212855,kg,,,,,,
carolina-hurricanes®-custom,,,,,,,,,red,,,Away,,,Mini,,,0.0,shopify,deny,manual,0.00,,true,true,,,,,"",https://cdn.shopify.com/s/files/1/0707/7753/6680/files/Car_Away_White_Back_Blank_lo.webp?v=1752212482,10,"",,,,,,,,,,,,,,,,,,,,,,,,,,,,,,,,,,,,,,,,,,,,,,,https://cdn.shopify.com/s/files/1/0707/7753/6680/files/Car_Away_Red_Front_lo_1e669117-2158-4b09-a0ac-5caba8fcf57e.webp?v=1752212855,kg,,,,,,
carolina-hurricanes®-custom,,,,,,,,,red,,,Third,,,Adult,,,0.0,shopify,deny,manual,0.00,,true,true,,,,,"",https://cdn.shopify.com/s/files/1/0707/7753/6680/files/Car_Home_Black_Back_Blank_lo.webp?v=1752212482,11,"",,,,,,,,,,,,,,,,,,,,,,,,,,,,,,,,,,,,,,,,,,,,,,,https://cdn.shopify.com/s/files/1/0707/7753/6680/files/Car_3rd_Red_Front_lo_e934564e-0df6-4a71-9e13-ae5b55988e7e.webp?v=1752212482,kg,,,,,,
carolina-hurricanes®-custom,,,,,,,,,red,,,Third,,,Mini,,,0.0,shopify,deny,manual,0.00,,true,true,,,,,"",https://cdn.shopify.com/s/files/1/0707/7753/6680/files/Car_Home_Red_Back_Blank_lo.webp?v=1752212482,12,"",,,,,,,,,,,,,,,,,,,,,,,,,,,,,,,,,,,,,,,,,,,,,,,https://cdn.shopify.com/s/files/1/0707/7753/6680/files/Car_3rd_Red_Front_lo_e934564e-0df6-4a71-9e13-ae5b55988e7e.webp?v=1752212482,kg,,,,,,
carolina-hurricanes®-custom,,,,,,,,,white,,,Home,,,Adult,,,0.0,shopify,deny,manual,0.00,,true,true,,,,,"",https://cdn.shopify.com/s/files/1/0707/7753/6680/files/Car_Home_White_Back_Blank_lo.webp?v=1752212482,13,"",,,,,,,,,,,,,,,,,,,,,,,,,,,,,,,,,,,,,,,,,,,,,,,https://cdn.shopify.com/s/files/1/0707/7753/6680/files/CarHome_White_Front_lo_d165bc3f-f6c6-48c5-bb41-0a765e1e6224.webp?v=1752212482,kg,,,,,,
carolina-hurricanes®-custom,,,,,,,,,white,,,Home,,,Mini,,,0.0,shopify,deny,manual,0.00,,true,true,,,,,"",https://cdn.shopify.com/s/files/1/0707/7753/6680/files/Car_Third_Black_Back_Blank_lo.webp?v=1752212482,14,"",,,,,,,,,,,,,,,,,,,,,,,,,,,,,,,,,,,,,,,,,,,,,,,https://cdn.shopify.com/s/files/1/0707/7753/6680/files/CarHome_White_Front_lo_d165bc3f-f6c6-48c5-bb41-0a765e1e6224.webp?v=1752212482,kg,,,,,,
carolina-hurricanes®-custom,,,,,,,,,white,,,Away,,,Adult,,,0.0,shopify,deny,manual,0.00,,true,true,,,,,"",https://cdn.shopify.com/s/files/1/0707/7753/6680/files/Car_Third_Red_Back_Blank_lo.webp?v=1752212482,15,"",,,,,,,,,,,,,,,,,,,,,,,,,,,,,,,,,,,,,,,,,,,,,,,https://cdn.shopify.com/s/files/1/0707/7753/6680/files/Car_Away_White_Front_lo_d643bc48-820b-4843-863c-805e5019fa1e.webp?v=1752212482,kg,,,,,,
carolina-hurricanes®-custom,,,,,,,,,white,,,Away,,,Mini,,,0.0,shopify,deny,manual,0.00,,true,true,,,,,"",https://cdn.shopify.com/s/files/1/0707/7753/6680/files/Car_Third_White_Back_Blank_lo.webp?v=1752212482,16,"",,,,,,,,,,,,,,,,,,,,,,,,,,,,,,,,,,,,,,,,,,,,,,,https://cdn.shopify.com/s/files/1/0707/7753/6680/files/Car_Away_White_Front_lo_d643bc48-820b-4843-863c-805e5019fa1e.webp?v=1752212482,kg,,,,,,
carolina-hurricanes®-custom,,,,,,,,,white,,,Third,,,Adult,,,0.0,shopify,deny,manual,0.00,,true,true,,,,,"",https://cdn.shopify.com/s/files/1/0707/7753/6680/files/Car_Away_Black_Back_Blank_lo.webp?v=1752212688,17,"",,,,,,,,,,,,,,,,,,,,,,,,,,,,,,,,,,,,,,,,,,,,,,,https://cdn.shopify.com/s/files/1/0707/7753/6680/files/Car_3rd_White_Front_lo_dacac721-cb7e-4659-9077-493983099468.webp?v=1752212482,kg,,,,,,
carolina-hurricanes®-custom,,,,,,,,,white,,,Third,,,Mini,,,0.0,shopify,deny,manual,0.00,,true,true,,,,,"",https://cdn.shopify.com/s/files/1/0707/7753/6680/files/Car_Away_Red_Back_Blank_lo.webp?v=1752212855,18,"",,,,,,,,,,,,,,,,,,,,,,,,,,,,,,,,,,,,,,,,,,,,,,,https://cdn.shopify.com/s/files/1/0707/7753/6680/files/Car_3rd_White_Front_lo_dacac721-cb7e-4659-9077-493983099468.webp?v=1752212482,kg,,,,,,
chicago-blackhawks®-custom,Chicago Blackhawks®,"",bahadur-startbit,"Furniture > Chairs > Armchairs, Recliners & Sleeper Chairs > Armchairs","","",true,Chair Base Colour,black,product.metafields.shopify.color-pattern,Jersey Option,Home,,Chair Size,Adult,,,0.0,shopify,deny,manual,0.00,,true,true,,,,,"",https://cdn.shopify.com/s/files/1/0707/7753/6680/files/Chi_Home_Black_Front_lo_388bc326-513c-4258-ab2e-f8b53300b932.webp?v=1752210506,1,"",false,,,carolina-hurricanes®,,,,,Delivered,🚚 Order within the next {{ countdown }} for delivery by {{ deliverydate }}.,Estimated arrival,Estimated dispatch,Order placed,,,,,,,,,,,,,,,black; red; white,,,,,,,,,,,,,,,,,,,https://cdn.shopify.com/s/files/1/0707/7753/6680/files/Chi_Home_Black_Front_lo_388bc326-513c-4258-ab2e-f8b53300b932.webp?v=1752210506,kg,,,true,,,active
chicago-blackhawks®-custom,,,,,,,,,black,,,Home,,,Mini,,,0.0,shopify,deny,manual,0.00,,true,true,,,,,"",https://cdn.shopify.com/s/files/1/0707/7753/6680/files/Chi_Away_Black_Front_lo_efb4d2ee-d775-4bf6-90ae-cbed841ff33d.webp?v=1752210506,2,"",,,,,,,,,,,,,,,,,,,,,,,,,,,,,,,,,,,,,,,,,,,,,,,https://cdn.shopify.com/s/files/1/0707/7753/6680/files/Chi_Home_Black_Front_lo_388bc326-513c-4258-ab2e-f8b53300b932.webp?v=1752210506,kg,,,,,,
chicago-blackhawks®-custom,,,,,,,,,black,,,Away,,,Adult,,,0.0,shopify,deny,manual,0.00,,true,true,,,,,"",https://cdn.shopify.com/s/files/1/0707/7753/6680/files/Chi_Home_Red_Front_lo_9b3fbb83-9442-4438-bdc3-1ea1004d396a.webp?v=1752210506,3,"",,,,,,,,,,,,,,,,,,,,,,,,,,,,,,,,,,,,,,,,,,,,,,,https://cdn.shopify.com/s/files/1/0707/7753/6680/files/Chi_Away_Black_Front_lo_efb4d2ee-d775-4bf6-90ae-cbed841ff33d.webp?v=1752210506,kg,,,,,,
chicago-blackhawks®-custom,,,,,,,,,black,,,Away,,,Mini,,,0.0,shopify,deny,manual,0.00,,true,true,,,,,"",https://cdn.shopify.com/s/files/1/0707/7753/6680/files/Chi_Away_Red_Front_lo_21c0f71d-67a8-48fe-804a-4aaf7dc340fa.webp?v=1752210506,4,"",,,,,,,,,,,,,,,,,,,,,,,,,,,,,,,,,,,,,,,,,,,,,,,https://cdn.shopify.com/s/files/1/0707/7753/6680/files/Chi_Away_Black_Front_lo_efb4d2ee-d775-4bf6-90ae-cbed841ff33d.webp?v=1752210506,kg,,,,,,
chicago-blackhawks®-custom,,,,,,,,,red,,,Home,,,Adult,,,0.0,shopify,deny,manual,0.00,,true,true,,,,,"",https://cdn.shopify.com/s/files/1/0707/7753/6680/files/Chi_Home_White_Front_lo_9a67c776-088d-4c9e-b331-16d05cc6ce91.webp?v=1752210507,5,"",,,,,,,,,,,,,,,,,,,,,,,,,,,,,,,,,,,,,,,,,,,,,,,https://cdn.shopify.com/s/files/1/0707/7753/6680/files/Chi_Home_Red_Front_lo_9b3fbb83-9442-4438-bdc3-1ea1004d396a.webp?v=1752210506,kg,,,,,,
chicago-blackhawks®-custom,,,,,,,,,red,,,Home,,,Mini,,,0.0,shopify,deny,manual,0.00,,true,true,,,,,"",https://cdn.shopify.com/s/files/1/0707/7753/6680/files/Chi_Away_White_Front_lo_25e811ef-c65e-449e-9597-16df2a95db70.webp?v=1752210506,6,"",,,,,,,,,,,,,,,,,,,,,,,,,,,,,,,,,,,,,,,,,,,,,,,https://cdn.shopify.com/s/files/1/0707/7753/6680/files/Chi_Home_Red_Front_lo_9b3fbb83-9442-4438-bdc3-1ea1004d396a.webp?v=1752210506,kg,,,,,,
chicago-blackhawks®-custom,,,,,,,,,red,,,Away,,,Adult,,,0.0,shopify,deny,manual,0.00,,true,true,,,,,"",https://cdn.shopify.com/s/files/1/0707/7753/6680/files/Chi_Away_Black_Back_Blank_lo.webp?v=1752210506,7,"",,,,,,,,,,,,,,,,,,,,,,,,,,,,,,,,,,,,,,,,,,,,,,,https://cdn.shopify.com/s/files/1/0707/7753/6680/files/Chi_Away_Red_Front_lo_21c0f71d-67a8-48fe-804a-4aaf7dc340fa.webp?v=1752210506,kg,,,,,,
chicago-blackhawks®-custom,,,,,,,,,red,,,Away,,,Mini,,,0.0,shopify,deny,manual,0.00,,true,true,,,,,"",https://cdn.shopify.com/s/files/1/0707/7753/6680/files/Chi_Away_Red_Back_Blank_lo.webp?v=1752210508,8,"",,,,,,,,,,,,,,,,,,,,,,,,,,,,,,,,,,,,,,,,,,,,,,,https://cdn.shopify.com/s/files/1/0707/7753/6680/files/Chi_Away_Red_Front_lo_21c0f71d-67a8-48fe-804a-4aaf7dc340fa.webp?v=1752210506,kg,,,,,,
chicago-blackhawks®-custom,,,,,,,,,white,,,Home,,,Adult,,,0.0,shopify,deny,manual,0.00,,true,true,,,,,"",https://cdn.shopify.com/s/files/1/0707/7753/6680/files/Chi_Away_White_Back_Blank_lo.webp?v=1752210506,9,"",,,,,,,,,,,,,,,,,,,,,,,,,,,,,,,,,,,,,,,,,,,,,,,https://cdn.shopify.com/s/files/1/0707/7753/6680/files/Chi_Home_White_Front_lo_9a67c776-088d-4c9e-b331-16d05cc6ce91.webp?v=1752210507,kg,,,,,,
chicago-blackhawks®-custom,,,,,,,,,white,,,Home,,,Mini,,,0.0,shopify,deny,manual,0.00,,true,true,,,,,"",https://cdn.shopify.com/s/files/1/0707/7753/6680/files/Chi_Home_Black_Back_Blank_lo.webp?v=1752210506,10,"",,,,,,,,,,,,,,,,,,,,,,,,,,,,,,,,,,,,,,,,,,,,,,,https://cdn.shopify.com/s/files/1/0707/7753/6680/files/Chi_Home_White_Front_lo_9a67c776-088d-4c9e-b331-16d05cc6ce91.webp?v=1752210507,kg,,,,,,
chicago-blackhawks®-custom,,,,,,,,,white,,,Away,,,Adult,,,0.0,shopify,deny,manual,0.00,,true,true,,,,,"",https://cdn.shopify.com/s/files/1/0707/7753/6680/files/Chi_Home_Red_Back_Blank_lo.webp?v=1752210506,11,"",,,,,,,,,,,,,,,,,,,,,,,,,,,,,,,,,,,,,,,,,,,,,,,https://cdn.shopify.com/s/files/1/0707/7753/6680/files/Chi_Away_White_Front_lo_25e811ef-c65e-449e-9597-16df2a95db70.webp?v=1752210506,kg,,,,,,
chicago-blackhawks®-custom,,,,,,,,,white,,,Away,,,Mini,,,0.0,shopify,deny,manual,0.00,,true,true,,,,,"",https://cdn.shopify.com/s/files/1/0707/7753/6680/files/Chi_Home_White_Back_Blank_lo.webp?v=1752210506,12,"",,,,,,,,,,,,,,,,,,,,,,,,,,,,,,,,,,,,,,,,,,,,,,,https://cdn.shopify.com/s/files/1/0707/7753/6680/files/Chi_Away_White_Front_lo_25e811ef-c65e-449e-9597-16df2a95db70.webp?v=1752210506,kg,,,,,,
colorado-avalanche®-custom,Colorado Avalanche®,"",bahadur-startbit,Furniture > Outdoor Furniture > Outdoor Seating > Outdoor Chairs,"","",true,Chair Base Colour,blue,product.metafields.shopify.color-pattern,Jersey Option,Home,,Chair Size,Adult,,,0.0,shopify,deny,manual,0.00,,true,true,,,,,"",https://cdn.shopify.com/s/files/1/0707/7753/6680/files/Col_Home_Blue_Front_lo_780dc5de-f3c1-4bd1-b28c-4f3b9e0ecd93.webp?v=1752209995,1,"",false,,,colorado-avalanche®,,,,,Delivered,🚚 Order within the next {{ countdown }} for delivery by {{ deliverydate }}.,Estimated arrival,Estimated dispatch,Order placed,,,,,,,,,,,,,,,blue; black; white; gray,,,,,,,,,,,,,,,,,,,https://cdn.shopify.com/s/files/1/0707/7753/6680/files/Col_Home_Blue_Front_lo_780dc5de-f3c1-4bd1-b28c-4f3b9e0ecd93.webp?v=1752209995,kg,,,true,,,active
colorado-avalanche®-custom,,,,,,,,,blue,,,Home,,,Mini,,,0.0,shopify,deny,manual,0.00,,true,true,,,,,"",https://cdn.shopify.com/s/files/1/0707/7753/6680/files/Col_Home_Blue_Back_Blank_lo.webp?v=1752226916,2,"",,,,,,,,,,,,,,,,,,,,,,,,,,,,,,,,,,,,,,,,,,,,,,,https://cdn.shopify.com/s/files/1/0707/7753/6680/files/Col_Home_Blue_Front_lo_780dc5de-f3c1-4bd1-b28c-4f3b9e0ecd93.webp?v=1752209995,kg,,,,,,
colorado-avalanche®-custom,,,,,,,,,blue,,,Away,,,Adult,,,0.0,shopify,deny,manual,0.00,,true,true,,,,,"",https://cdn.shopify.com/s/files/1/0707/7753/6680/files/Col_Away_Blue_Front_lo_5dcede2e-5701-43d8-85ce-36299effad30.webp?v=1752226916,3,"",,,,,,,,,,,,,,,,,,,,,,,,,,,,,,,,,,,,,,,,,,,,,,,https://cdn.shopify.com/s/files/1/0707/7753/6680/files/Col_Away_Blue_Front_lo_5dcede2e-5701-43d8-85ce-36299effad30.webp?v=1752226916,kg,,,,,,
colorado-avalanche®-custom,,,,,,,,,blue,,,Away,,,Mini,,,0.0,shopify,deny,manual,0.00,,true,true,,,,,"",https://cdn.shopify.com/s/files/1/0707/7753/6680/files/Col_Away_Blue_Back_Blank_lo.webp?v=1752226916,4,"",,,,,,,,,,,,,,,,,,,,,,,,,,,,,,,,,,,,,,,,,,,,,,,https://cdn.shopify.com/s/files/1/0707/7753/6680/files/Col_Away_Blue_Front_lo_5dcede2e-5701-43d8-85ce-36299effad30.webp?v=1752226916,kg,,,,,,
colorado-avalanche®-custom,,,,,,,,,black,,,Home,,,Adult,,,0.0,shopify,deny,manual,0.00,,true,true,,,,,"",https://cdn.shopify.com/s/files/1/0707/7753/6680/files/Col_Home_Black_Front_lo_c2ded13b-d7af-49c2-8c67-cf2a73b95af1.webp?v=1752226916,5,"",,,,,,,,,,,,,,,,,,,,,,,,,,,,,,,,,,,,,,,,,,,,,,,https://cdn.shopify.com/s/files/1/0707/7753/6680/files/Col_Home_Black_Front_lo_c2ded13b-d7af-49c2-8c67-cf2a73b95af1.webp?v=1752226916,kg,,,,,,
colorado-avalanche®-custom,,,,,,,,,black,,,Home,,,Mini,,,0.0,shopify,deny,manual,0.00,,true,true,,,,,"",https://cdn.shopify.com/s/files/1/0707/7753/6680/files/Col_Home_Black_Back_Blank_lo.webp?v=1752227306,6,"",,,,,,,,,,,,,,,,,,,,,,,,,,,,,,,,,,,,,,,,,,,,,,,https://cdn.shopify.com/s/files/1/0707/7753/6680/files/Col_Home_Black_Front_lo_c2ded13b-d7af-49c2-8c67-cf2a73b95af1.webp?v=1752226916,kg,,,,,,
colorado-avalanche®-custom,,,,,,,,,black,,,Away,,,Adult,,,0.0,shopify,deny,manual,0.00,,true,true,,,,,"",https://cdn.shopify.com/s/files/1/0707/7753/6680/files/Col_Away_Black_Front_lo_6e1e8999-c380-48bc-ad4e-493b51b8e92a.webp?v=1752227306,7,"",,,,,,,,,,,,,,,,,,,,,,,,,,,,,,,,,,,,,,,,,,,,,,,https://cdn.shopify.com/s/files/1/0707/7753/6680/files/Col_Away_Black_Front_lo_6e1e8999-c380-48bc-ad4e-493b51b8e92a.webp?v=1752227306,kg,,,,,,
colorado-avalanche®-custom,,,,,,,,,black,,,Away,,,Mini,,,0.0,shopify,deny,manual,0.00,,true,true,,,,,"",https://cdn.shopify.com/s/files/1/0707/7753/6680/files/Col_Away_Black_Back_Blank_lo.webp?v=1752227306,8,"",,,,,,,,,,,,,,,,,,,,,,,,,,,,,,,,,,,,,,,,,,,,,,,https://cdn.shopify.com/s/files/1/0707/7753/6680/files/Col_Away_Black_Front_lo_6e1e8999-c380-48bc-ad4e-493b51b8e92a.webp?v=1752227306,kg,,,,,,
colorado-avalanche®-custom,,,,,,,,,white,,,Home,,,Adult,,,0.0,shopify,deny,manual,0.00,,true,true,,,,,"",https://cdn.shopify.com/s/files/1/0707/7753/6680/files/Col_Home_White_Front_lo_e5b752fa-c064-4351-849d-cd5c28529556.webp?v=1752227306,9,"",,,,,,,,,,,,,,,,,,,,,,,,,,,,,,,,,,,,,,,,,,,,,,,https://cdn.shopify.com/s/files/1/0707/7753/6680/files/Col_Home_White_Front_lo_e5b752fa-c064-4351-849d-cd5c28529556.webp?v=1752227306,kg,,,,,,
colorado-avalanche®-custom,,,,,,,,,white,,,Home,,,Mini,,,0.0,shopify,deny,manual,0.00,,true,true,,,,,"",https://cdn.shopify.com/s/files/1/0707/7753/6680/files/Col_Home_White_Back_Blank_lo.webp?v=1752227306,10,"",,,,,,,,,,,,,,,,,,,,,,,,,,,,,,,,,,,,,,,,,,,,,,,https://cdn.shopify.com/s/files/1/0707/7753/6680/files/Col_Home_White_Front_lo_e5b752fa-c064-4351-849d-cd5c28529556.webp?v=1752227306,kg,,,,,,
colorado-avalanche®-custom,,,,,,,,,white,,,Away,,,Adult,,,0.0,shopify,deny,manual,0.00,,true,true,,,,,"",https://cdn.shopify.com/s/files/1/0707/7753/6680/files/Col_Away_White_Back_Blank_lo.webp?v=1752227306,11,"",,,,,,,,,,,,,,,,,,,,,,,,,,,,,,,,,,,,,,,,,,,,,,,https://cdn.shopify.com/s/files/1/0707/7753/6680/files/Col_Away_White_Front_lo_d26057aa-3ee0-431d-a22f-c31f34812c13.webp?v=1752227306,kg,,,,,,
colorado-avalanche®-custom,,,,,,,,,white,,,Away,,,Mini,,,0.0,shopify,deny,manual,0.00,,true,true,,,,,"",https://cdn.shopify.com/s/files/1/0707/7753/6680/files/Col_Away_White_Front_lo_d26057aa-3ee0-431d-a22f-c31f34812c13.webp?v=1752227306,12,"",,,,,,,,,,,,,,,,,,,,,,,,,,,,,,,,,,,,,,,,,,,,,,,https://cdn.shopify.com/s/files/1/0707/7753/6680/files/Col_Away_White_Front_lo_d26057aa-3ee0-431d-a22f-c31f34812c13.webp?v=1752227306,kg,,,,,,
colorado-avalanche®-custom,,,,,,,,,gray,,,Home,,,Adult,,,0.0,shopify,deny,manual,0.00,,true,true,,,,,"",https://cdn.shopify.com/s/files/1/0707/7753/6680/files/Col_Home_Slate_Front_lo_ebec05ff-c71e-4653-bb3a-a9b39751c4fb.webp?v=1752227306,13,"",,,,,,,,,,,,,,,,,,,,,,,,,,,,,,,,,,,,,,,,,,,,,,,https://cdn.shopify.com/s/files/1/0707/7753/6680/files/Col_Home_Slate_Front_lo_ebec05ff-c71e-4653-bb3a-a9b39751c4fb.webp?v=1752227306,kg,,,,,,
colorado-avalanche®-custom,,,,,,,,,gray,,,Home,,,Mini,,,0.0,shopify,deny,manual,0.00,,true,true,,,,,"",https://cdn.shopify.com/s/files/1/0707/7753/6680/files/Col_Home_Slate_Back_Blank_lo.webp?v=1752227306,14,"",,,,,,,,,,,,,,,,,,,,,,,,,,,,,,,,,,,,,,,,,,,,,,,https://cdn.shopify.com/s/files/1/0707/7753/6680/files/Col_Home_Slate_Front_lo_ebec05ff-c71e-4653-bb3a-a9b39751c4fb.webp?v=1752227306,kg,,,,,,
colorado-avalanche®-custom,,,,,,,,,gray,,,Away,,,Adult,,,0.0,shopify,deny,manual,0.00,,true,true,,,,,"",https://cdn.shopify.com/s/files/1/0707/7753/6680/files/Col_Away_Slate_Front_lo_97d97ed5-7b7d-4b1f-ad91-674ebf3f3648.webp?v=1752227306,15,"",,,,,,,,,,,,,,,,,,,,,,,,,,,,,,,,,,,,,,,,,,,,,,,https://cdn.shopify.com/s/files/1/0707/7753/6680/files/Col_Away_Slate_Front_lo_97d97ed5-7b7d-4b1f-ad91-674ebf3f3648.webp?v=1752227306,kg,,,,,,
colorado-avalanche®-custom,,,,,,,,,gray,,,Away,,,Mini,,,0.0,shopify,deny,manual,0.00,,true,true,,,,,"",https://cdn.shopify.com/s/files/1/0707/7753/6680/files/Col_Away_Slate_Back_Blank_lo.webp?v=1752227306,16,"",,,,,,,,,,,,,,,,,,,,,,,,,,,,,,,,,,,,,,,,,,,,,,,https://cdn.shopify.com/s/files/1/0707/7753/6680/files/Col_Away_Slate_Front_lo_97d97ed5-7b7d-4b1f-ad91-674ebf3f3648.webp?v=1752227306,kg,,,,,,
columbus-blue-jackets®-1,Columbus Blue Jackets®,"",bahadur-startbit,Furniture > Outdoor Furniture > Outdoor Seating > Outdoor Chairs,"","",true,Chair Base Colour,red,product.metafields.shopify.color-pattern,Jersey Option,Home,,Chair Size,Adult,,,0.0,shopify,deny,manual,32000.00,,true,true,,,,,"",https://cdn.shopify.com/s/files/1/0707/7753/6680/files/CBJ_Away_Red_Front_lo_8d728f8f-44fe-4f1e-a2ec-259110977a06.webp?v=1752178108,1,Color-Red-Front-Away,false,,,columbus-blue-jackets®,,,,,Delivered,🚚 Order within the next {{ countdown }} for delivery by {{ deliverydate }}.,Estimated arrival,Estimated dispatch,Order placed,,,,,,,,,,,,,,,red; blue; black; white,,,,,,,,,,,,,,,,,,,https://cdn.shopify.com/s/files/1/0707/7753/6680/files/CBJ_Home_Red_Front_lo_f3fbbb0d-2ea4-4fcc-985f-8a64db005d46.webp?v=1752228393,kg,,,true,,,active
columbus-blue-jackets®-1,,,,,,,,,red,,,Home,,,Mini,,,0.0,shopify,deny,manual,32000.00,,true,true,,,,,"",https://cdn.shopify.com/s/files/1/0707/7753/6680/files/CBJ_Away_Red_Back_Blank_lo.webp?v=1752178108,2,Color-Red-Blank-Away,,,,,,,,,,,,,,,,,,,,,,,,,,,,,,,,,,,,,,,,,,,,,,,https://cdn.shopify.com/s/files/1/0707/7753/6680/files/CBJ_Home_Red_Front_lo_f3fbbb0d-2ea4-4fcc-985f-8a64db005d46.webp?v=1752228393,kg,,,,,,
columbus-blue-jackets®-1,,,,,,,,,red,,,Away,,,Adult,,,0.0,shopify,deny,manual,32000.00,,true,true,,,,,"",https://cdn.shopify.com/s/files/1/0707/7753/6680/files/CBJ_Away_Blue_Front_lo_2ad1585b-db67-4629-a7b1-a1fb5c0e924f.webp?v=1752178108,3,Color-Blue-Front-Away,,,,,,,,,,,,,,,,,,,,,,,,,,,,,,,,,,,,,,,,,,,,,,,https://cdn.shopify.com/s/files/1/0707/7753/6680/files/CBJ_Away_Red_Front_lo_8d728f8f-44fe-4f1e-a2ec-259110977a06.webp?v=1752178108,kg,,,,,,
columbus-blue-jackets®-1,,,,,,,,,red,,,Away,,,Mini,,,0.0,shopify,deny,manual,32000.00,,true,true,,,,,"",https://cdn.shopify.com/s/files/1/0707/7753/6680/files/CBJ_Away_Blue_Back_Blank_lo.webp?v=1752178108,4,Color-Blue-Blank-Away,,,,,,,,,,,,,,,,,,,,,,,,,,,,,,,,,,,,,,,,,,,,,,,https://cdn.shopify.com/s/files/1/0707/7753/6680/files/CBJ_Away_Red_Front_lo_8d728f8f-44fe-4f1e-a2ec-259110977a06.webp?v=1752178108,kg,,,,,,
columbus-blue-jackets®-1,,,,,,,,,blue,,,Home,,,Adult,,,0.0,shopify,deny,manual,32000.00,,true,true,,,,,"",https://cdn.shopify.com/s/files/1/0707/7753/6680/files/CBJ_Away_Black_Front_lo_60359dda-eeb9-4b15-9abe-97e9e633771b.webp?v=1752178108,5,Color-Black-Front-Away,,,,,,,,,,,,,,,,,,,,,,,,,,,,,,,,,,,,,,,,,,,,,,,https://cdn.shopify.com/s/files/1/0707/7753/6680/files/CBJ_Home_Blue_Front_lo_63d6c9c8-419b-4397-9c2b-60dafb520b98.webp?v=1752228393,kg,,,,,,
columbus-blue-jackets®-1,,,,,,,,,blue,,,Home,,,Mini,,,0.0,shopify,deny,manual,32000.00,,true,true,,,,,"",https://cdn.shopify.com/s/files/1/0707/7753/6680/files/CBJ_Away_Black_Back_Blank_lo.webp?v=1752178108,6,Color-Black-Blank-Away,,,,,,,,,,,,,,,,,,,,,,,,,,,,,,,,,,,,,,,,,,,,,,,https://cdn.shopify.com/s/files/1/0707/7753/6680/files/CBJ_Home_Blue_Front_lo_63d6c9c8-419b-4397-9c2b-60dafb520b98.webp?v=1752228393,kg,,,,,,
columbus-blue-jackets®-1,,,,,,,,,blue,,,Away,,,Adult,,,0.0,shopify,deny,manual,32000.00,,true,true,,,,,"",https://cdn.shopify.com/s/files/1/0707/7753/6680/files/CBJ_Away_White_Front_lo_5fb58a38-79ce-4343-a639-9589eed96f49.webp?v=1752228393,7,Color-White-Front-Away,,,,,,,,,,,,,,,,,,,,,,,,,,,,,,,,,,,,,,,,,,,,,,,https://cdn.shopify.com/s/files/1/0707/7753/6680/files/CBJ_Away_Blue_Front_lo_2ad1585b-db67-4629-a7b1-a1fb5c0e924f.webp?v=1752178108,kg,,,,,,
columbus-blue-jackets®-1,,,,,,,,,blue,,,Away,,,Mini,,,0.0,shopify,deny,manual,32000.00,,true,true,,,,,"",https://cdn.shopify.com/s/files/1/0707/7753/6680/files/CBJ_Away_White_Back_Blank_lo.webp?v=1752228393,8,Color-White-Blank-Away,,,,,,,,,,,,,,,,,,,,,,,,,,,,,,,,,,,,,,,,,,,,,,,https://cdn.shopify.com/s/files/1/0707/7753/6680/files/CBJ_Away_Blue_Front_lo_2ad1585b-db67-4629-a7b1-a1fb5c0e924f.webp?v=1752178108,kg,,,,,,
columbus-blue-jackets®-1,,,,,,,,,black,,,Home,,,Adult,,,0.0,shopify,deny,manual,32000.00,,true,true,,,,,"",https://cdn.shopify.com/s/files/1/0707/7753/6680/files/CBJ_Home_White_Front_lo_472eabad-7541-492b-bd91-33139d2dd709.webp?v=1752228393,9,Color-White-Front-Home,,,,,,,,,,,,,,,,,,,,,,,,,,,,,,,,,,,,,,,,,,,,,,,https://cdn.shopify.com/s/files/1/0707/7753/6680/files/CBJ_Home_Black_Front_lo_5b7fc3ac-b507-4c59-8ae9-6ecc58d1008e.webp?v=1752228393,kg,,,,,,
columbus-blue-jackets®-1,,,,,,,,,black,,,Home,,,Mini,,,0.0,shopify,deny,manual,32000.00,,true,true,,,,,"",https://cdn.shopify.com/s/files/1/0707/7753/6680/files/CBJ_Home_White_Back_Blank_lo.webp?v=1752228393,10,Color-White-Blank-Home,,,,,,,,,,,,,,,,,,,,,,,,,,,,,,,,,,,,,,,,,,,,,,,https://cdn.shopify.com/s/files/1/0707/7753/6680/files/CBJ_Home_Black_Front_lo_5b7fc3ac-b507-4c59-8ae9-6ecc58d1008e.webp?v=1752228393,kg,,,,,,
columbus-blue-jackets®-1,,,,,,,,,black,,,Away,,,Adult,,,0.0,shopify,deny,manual,32000.00,,true,true,,,,,"",https://cdn.shopify.com/s/files/1/0707/7753/6680/files/CBJ_Home_Black_Front_lo_5b7fc3ac-b507-4c59-8ae9-6ecc58d1008e.webp?v=1752228393,11,Color-Black-Front-Home,,,,,,,,,,,,,,,,,,,,,,,,,,,,,,,,,,,,,,,,,,,,,,,https://cdn.shopify.com/s/files/1/0707/7753/6680/files/CBJ_Away_Black_Front_lo_60359dda-eeb9-4b15-9abe-97e9e633771b.webp?v=1752178108,kg,,,,,,
columbus-blue-jackets®-1,,,,,,,,,black,,,Away,,,Mini,,,0.0,shopify,deny,manual,32000.00,,true,true,,,,,"",https://cdn.shopify.com/s/files/1/0707/7753/6680/files/CBJ_Home_Black_Back_Blank_lo.webp?v=1752228393,12,Color-Black-Blank-Home,,,,,,,,,,,,,,,,,,,,,,,,,,,,,,,,,,,,,,,,,,,,,,,https://cdn.shopify.com/s/files/1/0707/7753/6680/files/CBJ_Away_Black_Front_lo_60359dda-eeb9-4b15-9abe-97e9e633771b.webp?v=1752178108,kg,,,,,,
columbus-blue-jackets®-1,,,,,,,,,white,,,Home,,,Adult,,,0.0,shopify,deny,manual,32000.00,,true,true,,,,,"",https://cdn.shopify.com/s/files/1/0707/7753/6680/files/CBJ_Home_Red_Back_Blank_lo.webp?v=1752228393,13,Color-Red-Blank-Home,,,,,,,,,,,,,,,,,,,,,,,,,,,,,,,,,,,,,,,,,,,,,,,https://cdn.shopify.com/s/files/1/0707/7753/6680/files/CBJ_Home_White_Front_lo_472eabad-7541-492b-bd91-33139d2dd709.webp?v=1752228393,kg,,,,,,
columbus-blue-jackets®-1,,,,,,,,,white,,,Home,,,Mini,,,0.0,shopify,deny,manual,32000.00,,true,true,,,,,"",https://cdn.shopify.com/s/files/1/0707/7753/6680/files/CBJ_Home_Red_Front_lo_f3fbbb0d-2ea4-4fcc-985f-8a64db005d46.webp?v=1752228393,14,Color-Red-Front-Home,,,,,,,,,,,,,,,,,,,,,,,,,,,,,,,,,,,,,,,,,,,,,,,https://cdn.shopify.com/s/files/1/0707/7753/6680/files/CBJ_Home_White_Front_lo_472eabad-7541-492b-bd91-33139d2dd709.webp?v=1752228393,kg,,,,,,
columbus-blue-jackets®-1,,,,,,,,,white,,,Away,,,Adult,,,0.0,shopify,deny,manual,32000.00,,true,true,,,,,"",https://cdn.shopify.com/s/files/1/0707/7753/6680/files/CBJ_Home_Blue_Front_lo_63d6c9c8-419b-4397-9c2b-60dafb520b98.webp?v=1752228393,15,Color-Blue-Front-Home,,,,,,,,,,,,,,,,,,,,,,,,,,,,,,,,,,,,,,,,,,,,,,,https://cdn.shopify.com/s/files/1/0707/7753/6680/files/CBJ_Away_White_Front_lo_a39fdae2-de23-457e-8360-676a96b0f863.webp?v=1752228393,kg,,,,,,
columbus-blue-jackets®-1,,,,,,,,,white,,,Away,,,Mini,,,0.0,shopify,deny,manual,32000.00,,true,true,,,,,"",https://cdn.shopify.com/s/files/1/0707/7753/6680/files/CBJ_Away_White_Front_lo_a39fdae2-de23-457e-8360-676a96b0f863.webp?v=1752228393,16,mmm,,,,,,,,,,,,,,,,,,,,,,,,,,,,,,,,,,,,,,,,,,,,,,,https://cdn.shopify.com/s/files/1/0707/7753/6680/files/CBJ_Away_White_Front_lo_a39fdae2-de23-457e-8360-676a96b0f863.webp?v=1752228393,kg,,,,,,
columbus-blue-jackets®-1,,,,,,,,,,,,,,,,,,,,,,,,,,,,,,,https://cdn.shopify.com/s/files/1/0707/7753/6680/files/CBJ_Home_Blue_Back_Blank_lo_dcbb9587-c7f7-4754-89d1-eef41012e652.webp?v=1752482491,17,Color-Blue-Blank-Home,,,,,,,,,,,,,,,,,,,,,,,,,,,,,,,,,,,,,,,,,,,,,,,,,,,,,,
boston-bruins®-1,Boston Bruins®,"",bahadur-startbit,Furniture > Outdoor Furniture > Outdoor Seating > Outdoor Chairs,"","",true,Chair Base Colour,black,product.metafields.shopify.color-pattern,Jersey Option,Home,,Chair Size,Adult,,,0.0,shopify,deny,manual,32000.00,,true,true,,,,,"",https://cdn.shopify.com/s/files/1/0707/7753/6680/files/Bos_Home_Black_Front_lo_8f4d1ab8-a83e-4fab-b0aa-3c03a90ce94a.webp?v=1752177540,1,"",false,,,buffalo-sabres®,,,,,Delivered,🚚 Order within the next {{ countdown }} for delivery by {{ deliverydate }}.,Estimated arrival,Estimated dispatch,Order placed,,,,,,,,,,,,,,,black; white,,,,,,,,,,,,,,,,,,,https://cdn.shopify.com/s/files/1/0707/7753/6680/files/Bos_Home_Black_Front_lo_8f4d1ab8-a83e-4fab-b0aa-3c03a90ce94a.webp?v=1752177540,kg,,,true,,,active
boston-bruins®-1,,,,,,,,,black,,,Home,,,Mini,,,0.0,shopify,deny,manual,32000.00,,true,true,,,,,"",https://cdn.shopify.com/s/files/1/0707/7753/6680/files/Bos_Away_Black_Front_lo_748177c0-5b63-4084-9035-35408c94194e.webp?v=1752177540,2,"",,,,,,,,,,,,,,,,,,,,,,,,,,,,,,,,,,,,,,,,,,,,,,,https://cdn.shopify.com/s/files/1/0707/7753/6680/files/Bos_Home_Black_Front_lo_8f4d1ab8-a83e-4fab-b0aa-3c03a90ce94a.webp?v=1752177540,kg,,,,,,
boston-bruins®-1,,,,,,,,,black,,,Away,,,Adult,,,0.0,shopify,deny,manual,32000.00,,true,true,,,,,"",https://cdn.shopify.com/s/files/1/0707/7753/6680/files/Bos_Home_White_Front_lo_4423e72e-6fd8-4b54-97b8-dd1c7121b4f5.webp?v=1752177540,3,"",,,,,,,,,,,,,,,,,,,,,,,,,,,,,,,,,,,,,,,,,,,,,,,https://cdn.shopify.com/s/files/1/0707/7753/6680/files/Bos_Away_Black_Front_lo_748177c0-5b63-4084-9035-35408c94194e.webp?v=1752177540,kg,,,,,,
boston-bruins®-1,,,,,,,,,black,,,Away,,,Mini,,,0.0,shopify,deny,manual,32000.00,,true,true,,,,,"",https://cdn.shopify.com/s/files/1/0707/7753/6680/files/Bos_Away_White_Front_lo_1f4c848d-d09e-4ee2-9a73-2051cecdaf37.webp?v=1752177540,4,"",,,,,,,,,,,,,,,,,,,,,,,,,,,,,,,,,,,,,,,,,,,,,,,https://cdn.shopify.com/s/files/1/0707/7753/6680/files/Bos_Away_Black_Front_lo_748177c0-5b63-4084-9035-35408c94194e.webp?v=1752177540,kg,,,,,,
boston-bruins®-1,,,,,,,,,white,,,Home,,,Adult,,,0.0,shopify,deny,manual,32000.00,,true,true,,,,,"",https://cdn.shopify.com/s/files/1/0707/7753/6680/files/Bos_Away_Black_Back_Blank_lo.webp?v=1752177540,5,"",,,,,,,,,,,,,,,,,,,,,,,,,,,,,,,,,,,,,,,,,,,,,,,https://cdn.shopify.com/s/files/1/0707/7753/6680/files/Bos_Home_White_Front_lo_4423e72e-6fd8-4b54-97b8-dd1c7121b4f5.webp?v=1752177540,kg,,,,,,
boston-bruins®-1,,,,,,,,,white,,,Home,,,Mini,,,0.0,shopify,deny,manual,32000.00,,true,true,,,,,"",https://cdn.shopify.com/s/files/1/0707/7753/6680/files/Bos_Away_White_Back_Blank_lo.webp?v=1752177540,6,"",,,,,,,,,,,,,,,,,,,,,,,,,,,,,,,,,,,,,,,,,,,,,,,https://cdn.shopify.com/s/files/1/0707/7753/6680/files/Bos_Home_White_Front_lo_4423e72e-6fd8-4b54-97b8-dd1c7121b4f5.webp?v=1752177540,kg,,,,,,
boston-bruins®-1,,,,,,,,,white,,,Away,,,Adult,,,0.0,shopify,deny,manual,32000.00,,true,true,,,,,"",https://cdn.shopify.com/s/files/1/0707/7753/6680/files/Bos_Home_White_Back_Blank_lo.webp?v=1752177540,7,"",,,,,,,,,,,,,,,,,,,,,,,,,,,,,,,,,,,,,,,,,,,,,,,https://cdn.shopify.com/s/files/1/0707/7753/6680/files/Bos_Away_White_Front_lo_1f4c848d-d09e-4ee2-9a73-2051cecdaf37.webp?v=1752177540,kg,,,,,,
boston-bruins®-1,,,,,,,,,white,,,Away,,,Mini,,,0.0,shopify,deny,manual,32000.00,,true,true,,,,,"",https://cdn.shopify.com/s/files/1/0707/7753/6680/files/Bos_Home_Black_Back_Blank_lo.webp?v=1752177540,8,"",,,,,,,,,,,,,,,,,,,,,,,,,,,,,,,,,,,,,,,,,,,,,,,https://cdn.shopify.com/s/files/1/0707/7753/6680/files/Bos_Away_White_Front_lo_1f4c848d-d09e-4ee2-9a73-2051cecdaf37.webp?v=1752177540,kg,,,,,,
anaheim-ducks®-1,Anaheim Ducks®,"",bahadur-startbit,Furniture > Outdoor Furniture > Outdoor Seating > Outdoor Chairs,"","",true,Chair Base Colour,black,product.metafields.shopify.color-pattern,Jersey Option,Home,,Chair Size,Adult,,,0.0,shopify,deny,manual,32000.00,,true,true,,,,,"",https://cdn.shopify.com/s/files/1/0707/7753/6680/files/Ana_Home_Black_Front_lo_custom.webp?v=1752176948,1,"",false,,,anaheim-ducks®,,,,,Delivered,🚚 Order within the next {{ countdown }} for delivery by {{ deliverydate }}.,Estimated arrival,Estimated dispatch,Order placed,,,,,,,,,,,,,,,black; white,,,,,,,,,,,,,,,,,,,https://cdn.shopify.com/s/files/1/0707/7753/6680/files/Ana_Home_Black_Front_lo_custom.webp?v=1752176948,kg,,,true,,,active
anaheim-ducks®-1,,,,,,,,,black,,,Home,,,Mini,,,0.0,shopify,deny,manual,32000.00,,true,true,,,,,"",https://cdn.shopify.com/s/files/1/0707/7753/6680/files/Ana_Away_Black_Front_lo.webp?v=1752177043,2,"",,,,,,,,,,,,,,,,,,,,,,,,,,,,,,,,,,,,,,,,,,,,,,,https://cdn.shopify.com/s/files/1/0707/7753/6680/files/Ana_Home_Black_Front_lo_custom.webp?v=1752176948,kg,,,,,,
anaheim-ducks®-1,,,,,,,,,black,,,Away,,,Adult,,,0.0,shopify,deny,manual,32000.00,,true,true,,,,,"",https://cdn.shopify.com/s/files/1/0707/7753/6680/files/Ana_Home_White_Front_lo.webp?v=1752177044,3,"",,,,,,,,,,,,,,,,,,,,,,,,,,,,,,,,,,,,,,,,,,,,,,,https://cdn.shopify.com/s/files/1/0707/7753/6680/files/Ana_Away_Black_Front_lo.webp?v=1752177043,kg,,,,,,
anaheim-ducks®-1,,,,,,,,,black,,,Away,,,Mini,,,0.0,shopify,deny,manual,32000.00,,true,true,,,,,"",https://cdn.shopify.com/s/files/1/0707/7753/6680/files/Ana_Away_White_Front_lo.webp?v=1752177044,4,"",,,,,,,,,,,,,,,,,,,,,,,,,,,,,,,,,,,,,,,,,,,,,,,https://cdn.shopify.com/s/files/1/0707/7753/6680/files/Ana_Away_Black_Front_lo.webp?v=1752177043,kg,,,,,,
anaheim-ducks®-1,,,,,,,,,white,,,Home,,,Adult,,,0.0,shopify,deny,manual,32000.00,,true,true,,,,,"",https://cdn.shopify.com/s/files/1/0707/7753/6680/files/Ana_Home_Black_Back_Blank_lo.webp?v=1752176949,5,"",,,,,,,,,,,,,,,,,,,,,,,,,,,,,,,,,,,,,,,,,,,,,,,https://cdn.shopify.com/s/files/1/0707/7753/6680/files/Ana_Home_White_Front_lo.webp?v=1752177044,kg,,,,,,
anaheim-ducks®-1,,,,,,,,,white,,,Home,,,Mini,,,0.0,shopify,deny,manual,32000.00,,true,true,,,,,"",https://cdn.shopify.com/s/files/1/0707/7753/6680/files/Ana_Home_White_Back_Blank_lo.webp?v=1752177043,6,"",,,,,,,,,,,,,,,,,,,,,,,,,,,,,,,,,,,,,,,,,,,,,,,https://cdn.shopify.com/s/files/1/0707/7753/6680/files/Ana_Home_White_Front_lo.webp?v=1752177044,kg,,,,,,
anaheim-ducks®-1,,,,,,,,,white,,,Away,,,Adult,,,0.0,shopify,deny,manual,32000.00,,true,true,,,,,"",https://cdn.shopify.com/s/files/1/0707/7753/6680/files/Ana_Away_Black_Back_Blank_lo.webp?v=1752177043,7,"",,,,,,,,,,,,,,,,,,,,,,,,,,,,,,,,,,,,,,,,,,,,,,,https://cdn.shopify.com/s/files/1/0707/7753/6680/files/Ana_Away_White_Front_lo.webp?v=1752177044,kg,,,,,,
anaheim-ducks®-1,,,,,,,,,white,,,Away,,,Mini,,,0.0,shopify,deny,manual,32000.00,,true,true,,,,,"",https://cdn.shopify.com/s/files/1/0707/7753/6680/files/Ana_Away_White_Back_Blank_lo.webp?v=1752177043,8,"",,,,,,,,,,,,,,,,,,,,,,,,,,,,,,,,,,,,,,,,,,,,,,,https://cdn.shopify.com/s/files/1/0707/7753/6680/files/Ana_Away_White_Front_lo.webp?v=1752177044,kg,,,,,,
vintage-hartford,Vintage Hartford,"",bahadur-startbit,Furniture > Outdoor Furniture > Outdoor Seating > Outdoor Chairs,"","",true,Chair Base Colour,blue,product.metafields.shopify.color-pattern,Home/Away,Away,,Chair Size,Adult,,,0.0,shopify,deny,manual,0.00,,true,true,,,,,"",https://cdn.shopify.com/s/files/1/0707/7753/6680/files/RetroHfdAway_Blue_Front_lo_mini_0f0300bf-ee3d-494c-b04c-39e6c769df71.webp?v=1751520170,1,"",false,,,,,,,,Delivered,🚚 Order within the next {{ countdown }} for delivery by {{ deliverydate }}.,Estimated arrival,Estimated dispatch,Order placed,,,,top-desk-bulk-items-xcqp4a0t,,,,,,,,,,,blue; white; black,,,,,,,,,,,,,,,,,,,https://cdn.shopify.com/s/files/1/0707/7753/6680/files/RetroHfdAway_Blue_Front_lo_mini_0f0300bf-ee3d-494c-b04c-39e6c769df71.webp?v=1751520170,kg,,,true,,,active
vintage-hartford,,,,,,,,,blue,,,Away,,,Mini,,,0.0,shopify,deny,manual,0.00,,true,true,,,,,"",https://cdn.shopify.com/s/files/1/0707/7753/6680/files/RetroHfdHome_Blue_Front_lo_mini_f1121d54-4879-49fa-8293-212d7997f645.webp?v=1751520170,2,"",,,,,,,,,,,,,,,,,,,,,,,,,,,,,,,,,,,,,,,,,,,,,,,https://cdn.shopify.com/s/files/1/0707/7753/6680/files/RetroHfdAway_Blue_Front_lo_mini_0f0300bf-ee3d-494c-b04c-39e6c769df71.webp?v=1751520170,kg,,,,,,
vintage-hartford,,,,,,,,,blue,,,Home,,,Adult,,,0.0,shopify,deny,manual,0.00,,true,true,,,,,"",https://cdn.shopify.com/s/files/1/0707/7753/6680/files/RetroHfdAway_White_Front_lo_24edb2d2-a795-4cfe-8361-1296f3a7f990.webp?v=1751520170,3,"",,,,,,,,,,,,,,,,,,,,,,,,,,,,,,,,,,,,,,,,,,,,,,,https://cdn.shopify.com/s/files/1/0707/7753/6680/files/RetroHfdHome_Blue_Front_lo_mini_f1121d54-4879-49fa-8293-212d7997f645.webp?v=1751520170,kg,,,,,,
vintage-hartford,,,,,,,,,blue,,,Home,,,Mini,,,0.0,shopify,deny,manual,0.00,,true,true,,,,,"",https://cdn.shopify.com/s/files/1/0707/7753/6680/files/RetroHfdHome_White_Front_lo_317869fb-a865-4aab-83fc-18951a9783a6.webp?v=1751520170,4,"",,,,,,,,,,,,,,,,,,,,,,,,,,,,,,,,,,,,,,,,,,,,,,,https://cdn.shopify.com/s/files/1/0707/7753/6680/files/RetroHfdHome_Blue_Front_lo_mini_f1121d54-4879-49fa-8293-212d7997f645.webp?v=1751520170,kg,,,,,,
vintage-hartford,,,,,,,,,white,,,Away,,,Adult,,,0.0,shopify,deny,manual,0.00,,true,true,,,,,"",https://cdn.shopify.com/s/files/1/0707/7753/6680/files/RetroHfdAway_Black_Front_lo_315d482d-d67e-45b7-b135-aec35416acfa.webp?v=1751520170,5,"",,,,,,,,,,,,,,,,,,,,,,,,,,,,,,,,,,,,,,,,,,,,,,,https://cdn.shopify.com/s/files/1/0707/7753/6680/files/RetroHfdAway_White_Front_lo_24edb2d2-a795-4cfe-8361-1296f3a7f990.webp?v=1751520170,kg,,,,,,
vintage-hartford,,,,,,,,,white,,,Away,,,Mini,,,0.0,shopify,deny,manual,0.00,,true,true,,,,,"",https://cdn.shopify.com/s/files/1/0707/7753/6680/files/RetroHfdHome_Black_Front_lo_6cb44025-0094-4ce8-a984-c2a2a8575b19.webp?v=1751520170,6,"",,,,,,,,,,,,,,,,,,,,,,,,,,,,,,,,,,,,,,,,,,,,,,,https://cdn.shopify.com/s/files/1/0707/7753/6680/files/RetroHfdAway_White_Front_lo_24edb2d2-a795-4cfe-8361-1296f3a7f990.webp?v=1751520170,kg,,,,,,
vintage-hartford,,,,,,,,,white,,,Home,,,Adult,,,0.0,shopify,deny,manual,0.00,,true,true,,,,,"",https://cdn.shopify.com/s/files/1/0707/7753/6680/files/Vintage_Whalers.png?v=1751520170,7,"",,,,,,,,,,,,,,,,,,,,,,,,,,,,,,,,,,,,,,,,,,,,,,,https://cdn.shopify.com/s/files/1/0707/7753/6680/files/RetroHfdHome_White_Front_lo_317869fb-a865-4aab-83fc-18951a9783a6.webp?v=1751520170,kg,,,,,,
vintage-hartford,,,,,,,,,white,,,Home,,,Mini,,,0.0,shopify,deny,manual,0.00,,true,true,,,,,"",,,,,,,,,,,,,,,,,,,,,,,,,,,,,,,,,,,,,,,,,,,,,,,,,,https://cdn.shopify.com/s/files/1/0707/7753/6680/files/RetroHfdHome_White_Front_lo_317869fb-a865-4aab-83fc-18951a9783a6.webp?v=1751520170,kg,,,,,,
vintage-hartford,,,,,,,,,black,,,Away,,,Adult,,,0.0,shopify,deny,manual,0.00,,true,true,,,,,"",,,,,,,,,,,,,,,,,,,,,,,,,,,,,,,,,,,,,,,,,,,,,,,,,,https://cdn.shopify.com/s/files/1/0707/7753/6680/files/RetroHfdAway_Black_Front_lo_315d482d-d67e-45b7-b135-aec35416acfa.webp?v=1751520170,kg,,,,,,
vintage-hartford,,,,,,,,,black,,,Away,,,Mini,,,0.0,shopify,deny,manual,0.00,,true,true,,,,,"",,,,,,,,,,,,,,,,,,,,,,,,,,,,,,,,,,,,,,,,,,,,,,,,,,https://cdn.shopify.com/s/files/1/0707/7753/6680/files/RetroHfdAway_Black_Front_lo_315d482d-d67e-45b7-b135-aec35416acfa.webp?v=1751520170,kg,,,,,,
vintage-hartford,,,,,,,,,black,,,Home,,,Adult,,,0.0,shopify,deny,manual,0.00,,true,true,,,,,"",,,,,,,,,,,,,,,,,,,,,,,,,,,,,,,,,,,,,,,,,,,,,,,,,,https://cdn.shopify.com/s/files/1/0707/7753/6680/files/RetroHfdHome_Black_Front_lo_6cb44025-0094-4ce8-a984-c2a2a8575b19.webp?v=1751520170,kg,,,,,,
vintage-hartford,,,,,,,,,black,,,Home,,,Mini,,,0.0,shopify,deny,manual,0.00,,true,true,,,,,"",,,,,,,,,,,,,,,,,,,,,,,,,,,,,,,,,,,,,,,,,,,,,,,,,,https://cdn.shopify.com/s/files/1/0707/7753/6680/files/RetroHfdHome_Black_Front_lo_6cb44025-0094-4ce8-a984-c2a2a8575b19.webp?v=1751520170,kg,,,,,,
vintage-boston-bruin,Vintage Boston Bruin,"",bahadur-startbit,Arts & Entertainment > Hobbies & Creative Arts > Collectibles > Sports Collectibles > Sports Fan Accessories > Jerseys,"","",true,Chair Base Colour,black,product.metafields.shopify.color-pattern,Home/Away,Away,,Chair Size,Adult,,,0.0,shopify,deny,manual,0.00,,true,true,,,,,"",https://cdn.shopify.com/s/files/1/0707/7753/6680/files/RetroBosAway_Black_Front_lo_5bda3a95-32e0-45cb-98ea-dda85dcc697a.webp?v=1751519851,1,"",false,,,,,,,,Delivered,🚚 Order within the next {{ countdown }} for delivery by {{ deliverydate }}.,Estimated arrival,Estimated dispatch,Order placed,,,,top-desk-bulk-items-whsntac6,,,,,,,,,,,black; white,,,,,,,,,,,,,,,,,,,https://cdn.shopify.com/s/files/1/0707/7753/6680/files/RetroBosAway_Black_Front_lo_5bda3a95-32e0-45cb-98ea-dda85dcc697a.webp?v=1751519851,kg,,,true,,,active
vintage-boston-bruin,,,,,,,,,black,,,Away,,,Mini,,,0.0,shopify,deny,manual,0.00,,true,true,,,,,"",https://cdn.shopify.com/s/files/1/0707/7753/6680/files/RetroBosHome_Black_Front_lo_cca4ef70-cde3-4505-b240-b416a63386d9.webp?v=1751519851,2,"",,,,,,,,,,,,,,,,,,,,,,,,,,,,,,,,,,,,,,,,,,,,,,,https://cdn.shopify.com/s/files/1/0707/7753/6680/files/RetroBosAway_Black_Front_lo_5bda3a95-32e0-45cb-98ea-dda85dcc697a.webp?v=1751519851,kg,,,,,,
vintage-boston-bruin,,,,,,,,,black,,,Home,,,Adult,,,0.0,shopify,deny,manual,0.00,,true,true,,,,,"",https://cdn.shopify.com/s/files/1/0707/7753/6680/files/RetroBosAway_White_Front_lo_ddbc19fb-ae86-4578-afbf-baf8f5e2060e.webp?v=1751519851,3,"",,,,,,,,,,,,,,,,,,,,,,,,,,,,,,,,,,,,,,,,,,,,,,,https://cdn.shopify.com/s/files/1/0707/7753/6680/files/RetroBosHome_Black_Front_lo_cca4ef70-cde3-4505-b240-b416a63386d9.webp?v=1751519851,kg,,,,,,
vintage-boston-bruin,,,,,,,,,black,,,Home,,,Mini,,,0.0,shopify,deny,manual,0.00,,true,true,,,,,"",https://cdn.shopify.com/s/files/1/0707/7753/6680/files/RetroBosHome_White_Front_lo_e974b728-75bc-4f0d-83b3-8348c64b0785.webp?v=1751519851,4,"",,,,,,,,,,,,,,,,,,,,,,,,,,,,,,,,,,,,,,,,,,,,,,,https://cdn.shopify.com/s/files/1/0707/7753/6680/files/RetroBosHome_Black_Front_lo_cca4ef70-cde3-4505-b240-b416a63386d9.webp?v=1751519851,kg,,,,,,
vintage-boston-bruin,,,,,,,,,white,,,Away,,,Adult,,,0.0,shopify,deny,manual,0.00,,true,true,,,,,"",https://cdn.shopify.com/s/files/1/0707/7753/6680/files/Vintage_Bruins_b4b794d3-6f5d-454e-87c4-5868db26d3f4.png?v=1751519851,5,"",,,,,,,,,,,,,,,,,,,,,,,,,,,,,,,,,,,,,,,,,,,,,,,https://cdn.shopify.com/s/files/1/0707/7753/6680/files/RetroBosAway_White_Front_lo_ddbc19fb-ae86-4578-afbf-baf8f5e2060e.webp?v=1751519851,kg,,,,,,
vintage-boston-bruin,,,,,,,,,white,,,Away,,,Mini,,,0.0,shopify,deny,manual,0.00,,true,true,,,,,"",,,,,,,,,,,,,,,,,,,,,,,,,,,,,,,,,,,,,,,,,,,,,,,,,,https://cdn.shopify.com/s/files/1/0707/7753/6680/files/RetroBosAway_White_Front_lo_ddbc19fb-ae86-4578-afbf-baf8f5e2060e.webp?v=1751519851,kg,,,,,,
vintage-boston-bruin,,,,,,,,,white,,,Home,,,Adult,,,0.0,shopify,deny,manual,0.00,,true,true,,,,,"",,,,,,,,,,,,,,,,,,,,,,,,,,,,,,,,,,,,,,,,,,,,,,,,,,https://cdn.shopify.com/s/files/1/0707/7753/6680/files/RetroBosHome_White_Front_lo_e974b728-75bc-4f0d-83b3-8348c64b0785.webp?v=1751519851,kg,,,,,,
vintage-boston-bruin,,,,,,,,,white,,,Home,,,Mini,,,0.0,shopify,deny,manual,0.00,,true,true,,,,,"",,,,,,,,,,,,,,,,,,,,,,,,,,,,,,,,,,,,,,,,,,,,,,,,,,https://cdn.shopify.com/s/files/1/0707/7753/6680/files/RetroBosHome_White_Front_lo_e974b728-75bc-4f0d-83b3-8348c64b0785.webp?v=1751519851,kg,,,,,,
calgary-flames,Calgary Flames,"",bahadur-startbit,Furniture > Outdoor Furniture > Outdoor Seating > Outdoor Chairs,"","",true,Chair Base Colour,black,product.metafields.shopify.color-pattern,Jersey Option,Home,,Chair Size,Adult,,,0.0,shopify,deny,manual,30000.00,,true,true,,,,,"",https://cdn.shopify.com/s/files/1/0707/7753/6680/files/Cal_3rd_Black_Front_lo_24e03903-a710-4e6a-b416-cefcb4614a15.webp?v=1751518939,1,"",false,,,,,,,,Delivered,🚚 Order within the next {{ countdown }} for delivery by {{ deliverydate }}.,Estimated arrival,Estimated dispatch,Order placed,,,,top-desk-bulk-items-9nctaemd,,,,,,,,,,,black; red; white,,,,,,,,,,,,,,,,,,,https://cdn.shopify.com/s/files/1/0707/7753/6680/files/Cal_Home_Black_Front_lo_mini_9b798d99-119f-4517-92be-8f173f0471a9.webp?v=1751518939,kg,,,true,,,active
calgary-flames,,,,,,,,,black,,,Home,,,Mini,,,0.0,shopify,deny,manual,30000.00,,true,true,,,,,"",https://cdn.shopify.com/s/files/1/0707/7753/6680/files/Cal_3rd_Red_Front_lo_e5a3eb60-8b5f-425e-8385-2036d973ab56.webp?v=1751518939,2,"",,,,,,,,,,,,,,,,,,,,,,,,,,,,,,,,,,,,,,,,,,,,,,,https://cdn.shopify.com/s/files/1/0707/7753/6680/files/Cal_Home_Black_Front_lo_mini_9b798d99-119f-4517-92be-8f173f0471a9.webp?v=1751518939,kg,,,,,,
calgary-flames,,,,,,,,,black,,,Away,,,Adult,,,0.0,shopify,deny,manual,30000.00,,true,true,,,,,"",https://cdn.shopify.com/s/files/1/0707/7753/6680/files/Cal_3rd_White_Front_lo_13b30dee-7e62-45e1-93dd-b6f53981a7bf.webp?v=1751518939,3,"",,,,,,,,,,,,,,,,,,,,,,,,,,,,,,,,,,,,,,,,,,,,,,,https://cdn.shopify.com/s/files/1/0707/7753/6680/files/Cal_Away_Black_Front_lo_mini_e907650e-ddf5-4104-9193-402949af1d5b.webp?v=1751518939,kg,,,,,,
calgary-flames,,,,,,,,,black,,,Away,,,Mini,,,0.0,shopify,deny,manual,30000.00,,true,true,,,,,"",https://cdn.shopify.com/s/files/1/0707/7753/6680/files/Cal_Away_Black_Front_lo_mini_e907650e-ddf5-4104-9193-402949af1d5b.webp?v=1751518939,4,"",,,,,,,,,,,,,,,,,,,,,,,,,,,,,,,,,,,,,,,,,,,,,,,https://cdn.shopify.com/s/files/1/0707/7753/6680/files/Cal_Away_Black_Front_lo_mini_e907650e-ddf5-4104-9193-402949af1d5b.webp?v=1751518939,kg,,,,,,
calgary-flames,,,,,,,,,black,,,Third,,,Adult,,,0.0,shopify,deny,manual,30000.00,,true,true,,,,,"",https://cdn.shopify.com/s/files/1/0707/7753/6680/files/Cal_Away_Red_Front_lo_mini_c4b46417-b896-4ff5-866e-6ee8200d5ba9.webp?v=1751518939,5,"",,,,,,,,,,,,,,,,,,,,,,,,,,,,,,,,,,,,,,,,,,,,,,,https://cdn.shopify.com/s/files/1/0707/7753/6680/files/Cal_3rd_Black_Front_lo_24e03903-a710-4e6a-b416-cefcb4614a15.webp?v=1751518939,kg,,,,,,
calgary-flames,,,,,,,,,black,,,Third,,,Mini,,,0.0,shopify,deny,manual,30000.00,,true,true,,,,,"",https://cdn.shopify.com/s/files/1/0707/7753/6680/files/Cal_Away_White_Front_lo_mini_9700cacf-c7f1-450e-b0ad-a6e51d57f236.webp?v=1751518939,6,"",,,,,,,,,,,,,,,,,,,,,,,,,,,,,,,,,,,,,,,,,,,,,,,https://cdn.shopify.com/s/files/1/0707/7753/6680/files/Cal_3rd_Black_Front_lo_24e03903-a710-4e6a-b416-cefcb4614a15.webp?v=1751518939,kg,,,,,,
calgary-flames,,,,,,,,,red,,,Home,,,Adult,,,0.0,shopify,deny,manual,30000.00,,true,true,,,,,"",https://cdn.shopify.com/s/files/1/0707/7753/6680/files/Cal_Home_Black_Front_lo_mini_9b798d99-119f-4517-92be-8f173f0471a9.webp?v=1751518939,7,"",,,,,,,,,,,,,,,,,,,,,,,,,,,,,,,,,,,,,,,,,,,,,,,https://cdn.shopify.com/s/files/1/0707/7753/6680/files/Cal_Home_Red_Front_lo_mini_69075297-e2e1-4951-9fdb-2d809624ebf9.webp?v=1751518939,kg,,,,,,
calgary-flames,,,,,,,,,red,,,Home,,,Mini,,,0.0,shopify,deny,manual,30000.00,,true,true,,,,,"",https://cdn.shopify.com/s/files/1/0707/7753/6680/files/Cal_Home_Red_Front_lo_mini_69075297-e2e1-4951-9fdb-2d809624ebf9.webp?v=1751518939,8,"",,,,,,,,,,,,,,,,,,,,,,,,,,,,,,,,,,,,,,,,,,,,,,,https://cdn.shopify.com/s/files/1/0707/7753/6680/files/Cal_Home_Red_Front_lo_mini_69075297-e2e1-4951-9fdb-2d809624ebf9.webp?v=1751518939,kg,,,,,,
calgary-flames,,,,,,,,,red,,,Away,,,Adult,,,0.0,shopify,deny,manual,30000.00,,true,true,,,,,"",https://cdn.shopify.com/s/files/1/0707/7753/6680/files/Cal_Home_White_Front_lo_mini_4ed8369f-78fd-4762-9463-2d2474ec802b.webp?v=1751518939,9,"",,,,,,,,,,,,,,,,,,,,,,,,,,,,,,,,,,,,,,,,,,,,,,,https://cdn.shopify.com/s/files/1/0707/7753/6680/files/Cal_Away_Red_Front_lo_mini_c4b46417-b896-4ff5-866e-6ee8200d5ba9.webp?v=1751518939,kg,,,,,,
calgary-flames,,,,,,,,,red,,,Away,,,Mini,,,0.0,shopify,deny,manual,30000.00,,true,true,,,,,"",https://cdn.shopify.com/s/files/1/0707/7753/6680/files/flames.webp?v=1751518939,10,"",,,,,,,,,,,,,,,,,,,,,,,,,,,,,,,,,,,,,,,,,,,,,,,https://cdn.shopify.com/s/files/1/0707/7753/6680/files/Cal_Away_Red_Front_lo_mini_c4b46417-b896-4ff5-866e-6ee8200d5ba9.webp?v=1751518939,kg,,,,,,
calgary-flames,,,,,,,,,red,,,Third,,,Adult,,,0.0,shopify,deny,manual,30000.00,,true,true,,,,,"",,,,,,,,,,,,,,,,,,,,,,,,,,,,,,,,,,,,,,,,,,,,,,,,,,https://cdn.shopify.com/s/files/1/0707/7753/6680/files/Cal_3rd_Red_Front_lo_e5a3eb60-8b5f-425e-8385-2036d973ab56.webp?v=1751518939,kg,,,,,,
calgary-flames,,,,,,,,,red,,,Third,,,Mini,,,0.0,shopify,deny,manual,30000.00,,true,true,,,,,"",,,,,,,,,,,,,,,,,,,,,,,,,,,,,,,,,,,,,,,,,,,,,,,,,,https://cdn.shopify.com/s/files/1/0707/7753/6680/files/Cal_3rd_Red_Front_lo_e5a3eb60-8b5f-425e-8385-2036d973ab56.webp?v=1751518939,kg,,,,,,
calgary-flames,,,,,,,,,white,,,Home,,,Adult,,,0.0,shopify,deny,manual,30000.00,,true,true,,,,,"",,,,,,,,,,,,,,,,,,,,,,,,,,,,,,,,,,,,,,,,,,,,,,,,,,https://cdn.shopify.com/s/files/1/0707/7753/6680/files/Cal_Home_White_Front_lo_mini_4ed8369f-78fd-4762-9463-2d2474ec802b.webp?v=1751518939,kg,,,,,,
calgary-flames,,,,,,,,,white,,,Home,,,Mini,,,0.0,shopify,deny,manual,30000.00,,true,true,,,,,"",,,,,,,,,,,,,,,,,,,,,,,,,,,,,,,,,,,,,,,,,,,,,,,,,,https://cdn.shopify.com/s/files/1/0707/7753/6680/files/Cal_Home_White_Front_lo_mini_4ed8369f-78fd-4762-9463-2d2474ec802b.webp?v=1751518939,kg,,,,,,
calgary-flames,,,,,,,,,white,,,Away,,,Adult,,,0.0,shopify,deny,manual,30000.00,,true,true,,,,,"",,,,,,,,,,,,,,,,,,,,,,,,,,,,,,,,,,,,,,,,,,,,,,,,,,https://cdn.shopify.com/s/files/1/0707/7753/6680/files/Cal_Away_White_Front_lo_mini_9700cacf-c7f1-450e-b0ad-a6e51d57f236.webp?v=1751518939,kg,,,,,,
calgary-flames,,,,,,,,,white,,,Away,,,Mini,,,0.0,shopify,deny,manual,30000.00,,true,true,,,,,"",,,,,,,,,,,,,,,,,,,,,,,,,,,,,,,,,,,,,,,,,,,,,,,,,,https://cdn.shopify.com/s/files/1/0707/7753/6680/files/Cal_Away_White_Front_lo_mini_9700cacf-c7f1-450e-b0ad-a6e51d57f236.webp?v=1751518939,kg,,,,,,
calgary-flames,,,,,,,,,white,,,Third,,,Adult,,,0.0,shopify,deny,manual,30000.00,,true,true,,,,,"",,,,,,,,,,,,,,,,,,,,,,,,,,,,,,,,,,,,,,,,,,,,,,,,,,https://cdn.shopify.com/s/files/1/0707/7753/6680/files/Cal_3rd_White_Front_lo_13b30dee-7e62-45e1-93dd-b6f53981a7bf.webp?v=1751518939,kg,,,,,,
calgary-flames,,,,,,,,,white,,,Third,,,Mini,,,0.0,shopify,deny,manual,30000.00,,true,true,,,,,"",,,,,,,,,,,,,,,,,,,,,,,,,,,,,,,,,,,,,,,,,,,,,,,,,,https://cdn.shopify.com/s/files/1/0707/7753/6680/files/Cal_3rd_White_Front_lo_13b30dee-7e62-45e1-93dd-b6f53981a7bf.webp?v=1751518939,kg,,,,,,
anaheim-duck,Anaheim Duck,"",bahadur-startbit,Furniture > Outdoor Furniture > Outdoor Seating > Outdoor Chairs,"","",true,Chair Base Colour,black,product.metafields.shopify.color-pattern,Jersey Option,Home,,Chair Size,Adult,,,0.0,shopify,deny,manual,30000.00,,true,true,,,,,"",https://cdn.shopify.com/s/files/1/0707/7753/6680/files/Ana_Home_Black_Front_lo_mini_c293f0b0-f723-4b3d-b038-dac89e64dcb3.webp?v=1751518714,1,"",false,,,,,,,,Delivered,🚚 Order within the next {{ countdown }} for delivery by {{ deliverydate }}.,Estimated arrival,Estimated dispatch,Order placed,,,,top-desk-bulk-items-hbvjm5jk,,,,,,,,,,,black; white,,,,,,,,,,,,,,,,,,,https://cdn.shopify.com/s/files/1/0707/7753/6680/files/Ana_Home_Black_Front_lo_mini_c293f0b0-f723-4b3d-b038-dac89e64dcb3.webp?v=1751518714,kg,,,true,,,active
anaheim-duck,,,,,,,,,black,,,Home,,,Mini,,,0.0,shopify,deny,manual,30000.00,,true,true,,,,,"",https://cdn.shopify.com/s/files/1/0707/7753/6680/files/Ana_Away_Black_Front_lo_mini_1b7e37ce-3512-4e4d-8c48-9fa5e8119fbb.webp?v=1751518583,2,"",,,,,,,,,,,,,,,,,,,,,,,,,,,,,,,,,,,,,,,,,,,,,,,https://cdn.shopify.com/s/files/1/0707/7753/6680/files/Ana_Home_Black_Front_lo_mini_c293f0b0-f723-4b3d-b038-dac89e64dcb3.webp?v=1751518714,kg,,,,,,
anaheim-duck,,,,,,,,,black,,,Away,,,Adult,,,0.0,shopify,deny,manual,30000.00,,true,true,,,,,"",https://cdn.shopify.com/s/files/1/0707/7753/6680/files/Ana_Home_White_Front_lo_mini_93146db4-3b62-4fcf-8c11-fc862218289c.webp?v=1751518583,3,"",,,,,,,,,,,,,,,,,,,,,,,,,,,,,,,,,,,,,,,,,,,,,,,https://cdn.shopify.com/s/files/1/0707/7753/6680/files/Ana_Away_Black_Front_lo_mini_1b7e37ce-3512-4e4d-8c48-9fa5e8119fbb.webp?v=1751518583,kg,,,,,,
anaheim-duck,,,,,,,,,black,,,Away,,,Mini,,,0.0,shopify,deny,manual,30000.00,,true,true,,,,,"",https://cdn.shopify.com/s/files/1/0707/7753/6680/files/Ana_Away_White_Front_lo_mini_f1127fdf-dae1-4100-a560-29623e29232c.webp?v=1751518583,4,"",,,,,,,,,,,,,,,,,,,,,,,,,,,,,,,,,,,,,,,,,,,,,,,https://cdn.shopify.com/s/files/1/0707/7753/6680/files/Ana_Away_Black_Front_lo_mini_1b7e37ce-3512-4e4d-8c48-9fa5e8119fbb.webp?v=1751518583,kg,,,,,,
anaheim-duck,,,,,,,,,white,,,Home,,,Adult,,,0.0,shopify,deny,manual,30000.00,,true,true,,,,,"",https://cdn.shopify.com/s/files/1/0707/7753/6680/files/ducks.webp?v=1751518583,5,"",,,,,,,,,,,,,,,,,,,,,,,,,,,,,,,,,,,,,,,,,,,,,,,https://cdn.shopify.com/s/files/1/0707/7753/6680/files/Ana_Home_White_Front_lo_mini_93146db4-3b62-4fcf-8c11-fc862218289c.webp?v=1751518583,kg,,,,,,
anaheim-duck,,,,,,,,,white,,,Home,,,Mini,,,0.0,shopify,deny,manual,30000.00,,true,true,,,,,"",,,,,,,,,,,,,,,,,,,,,,,,,,,,,,,,,,,,,,,,,,,,,,,,,,https://cdn.shopify.com/s/files/1/0707/7753/6680/files/Ana_Home_White_Front_lo_mini_93146db4-3b62-4fcf-8c11-fc862218289c.webp?v=1751518583,kg,,,,,,
anaheim-duck,,,,,,,,,white,,,Away,,,Adult,,,0.0,shopify,deny,manual,30000.00,,true,true,,,,,"",,,,,,,,,,,,,,,,,,,,,,,,,,,,,,,,,,,,,,,,,,,,,,,,,,https://cdn.shopify.com/s/files/1/0707/7753/6680/files/Ana_Away_White_Front_lo_mini_f1127fdf-dae1-4100-a560-29623e29232c.webp?v=1751518583,kg,,,,,,
anaheim-duck,,,,,,,,,white,,,Away,,,Mini,,,0.0,shopify,deny,manual,30000.00,,true,true,,,,,"",,,,,,,,,,,,,,,,,,,,,,,,,,,,,,,,,,,,,,,,,,,,,,,,,,https://cdn.shopify.com/s/files/1/0707/7753/6680/files/Ana_Away_White_Front_lo_mini_f1127fdf-dae1-4100-a560-29623e29232c.webp?v=1751518583,kg,,,,,,
carolina-hurricanes,Carolina Hurricanes,"",bahadur-startbit,Furniture > Outdoor Furniture > Outdoor Seating > Outdoor Chairs,"","",true,Chair Base Colour,black,product.metafields.shopify.color-pattern,Jersey Option,Home,,Chair Size,Adult,,,0.0,shopify,deny,manual,30000.00,,true,true,,,,,"",https://cdn.shopify.com/s/files/1/0707/7753/6680/files/CarHome_Black_Front_lo_0a2f270e-2b20-4875-a51e-734b0d2528ef.webp?v=1751518157,1,"",false,,,,,,,,Delivered,🚚 Order within the next {{ countdown }} for delivery by {{ deliverydate }}.,Estimated arrival,Estimated dispatch,Order placed,,,,top-desk-bulk-items-gjuuf2tu,,,,,,,,,,,black; red; white,,,,,,,,,,,,,,,,,,,https://cdn.shopify.com/s/files/1/0707/7753/6680/files/CarHome_Black_Front_lo_0a2f270e-2b20-4875-a51e-734b0d2528ef.webp?v=1751518157,kg,,,true,,,active
carolina-hurricanes,,,,,,,,,black,,,Home,,,Mini,,,0.0,shopify,deny,manual,30000.00,,true,true,,,,,"",https://cdn.shopify.com/s/files/1/0707/7753/6680/files/Car_Away_Black_Front_lo_mini_93d349f5-8a92-469f-9433-6f20433c8a12.webp?v=1751518157,2,"",,,,,,,,,,,,,,,,,,,,,,,,,,,,,,,,,,,,,,,,,,,,,,,https://cdn.shopify.com/s/files/1/0707/7753/6680/files/CarHome_Black_Front_lo_0a2f270e-2b20-4875-a51e-734b0d2528ef.webp?v=1751518157,kg,,,,,,
carolina-hurricanes,,,,,,,,,black,,,Away,,,Adult,,,0.0,shopify,deny,manual,30000.00,,true,true,,,,,"",https://cdn.shopify.com/s/files/1/0707/7753/6680/files/Car_3rd_Black_Front_lo_20152242-acca-40bb-8634-72a0f110d2e8.webp?v=1751518157,3,"",,,,,,,,,,,,,,,,,,,,,,,,,,,,,,,,,,,,,,,,,,,,,,,https://cdn.shopify.com/s/files/1/0707/7753/6680/files/Car_Away_Black_Front_lo_mini_93d349f5-8a92-469f-9433-6f20433c8a12.webp?v=1751518157,kg,,,,,,
carolina-hurricanes,,,,,,,,,black,,,Away,,,Mini,,,0.0,shopify,deny,manual,30000.00,,true,true,,,,,"",https://cdn.shopify.com/s/files/1/0707/7753/6680/files/CarHome_Red_Front_lo_5092c020-d9fe-402f-868d-829c1c8a7719.webp?v=1751518157,4,"",,,,,,,,,,,,,,,,,,,,,,,,,,,,,,,,,,,,,,,,,,,,,,,https://cdn.shopify.com/s/files/1/0707/7753/6680/files/Car_Away_Black_Front_lo_mini_93d349f5-8a92-469f-9433-6f20433c8a12.webp?v=1751518157,kg,,,,,,
carolina-hurricanes,,,,,,,,,black,,,Third,,,Adult,,,0.0,shopify,deny,manual,30000.00,,true,true,,,,,"",https://cdn.shopify.com/s/files/1/0707/7753/6680/files/Car_Away_Red_Front_lo_mini_c826802c-3ec5-4f75-9660-c7d2f698debc.webp?v=1751518157,5,"",,,,,,,,,,,,,,,,,,,,,,,,,,,,,,,,,,,,,,,,,,,,,,,https://cdn.shopify.com/s/files/1/0707/7753/6680/files/Car_3rd_Black_Front_lo_20152242-acca-40bb-8634-72a0f110d2e8.webp?v=1751518157,kg,,,,,,
carolina-hurricanes,,,,,,,,,black,,,Third,,,Mini,,,0.0,shopify,deny,manual,30000.00,,true,true,,,,,"",https://cdn.shopify.com/s/files/1/0707/7753/6680/files/Car_3rd_Red_Front_lo_bd1b6c47-ef83-478d-9632-f7b40edc6992.webp?v=1751518157,6,"",,,,,,,,,,,,,,,,,,,,,,,,,,,,,,,,,,,,,,,,,,,,,,,https://cdn.shopify.com/s/files/1/0707/7753/6680/files/Car_3rd_Black_Front_lo_20152242-acca-40bb-8634-72a0f110d2e8.webp?v=1751518157,kg,,,,,,
carolina-hurricanes,,,,,,,,,red,,,Home,,,Adult,,,0.0,shopify,deny,manual,30000.00,,true,true,,,,,"",https://cdn.shopify.com/s/files/1/0707/7753/6680/files/CarHome_White_Front_lo_dce11b74-6169-407a-b775-190124275fbd.webp?v=1751518157,7,"",,,,,,,,,,,,,,,,,,,,,,,,,,,,,,,,,,,,,,,,,,,,,,,https://cdn.shopify.com/s/files/1/0707/7753/6680/files/CarHome_Red_Front_lo_5092c020-d9fe-402f-868d-829c1c8a7719.webp?v=1751518157,kg,,,,,,
carolina-hurricanes,,,,,,,,,red,,,Home,,,Mini,,,0.0,shopify,deny,manual,30000.00,,true,true,,,,,"",https://cdn.shopify.com/s/files/1/0707/7753/6680/files/Car_Away_White_Front_lo_mini_1ee2df62-b336-47f5-8bcb-7965615fe17c.webp?v=1751518157,8,"",,,,,,,,,,,,,,,,,,,,,,,,,,,,,,,,,,,,,,,,,,,,,,,https://cdn.shopify.com/s/files/1/0707/7753/6680/files/CarHome_Red_Front_lo_5092c020-d9fe-402f-868d-829c1c8a7719.webp?v=1751518157,kg,,,,,,
carolina-hurricanes,,,,,,,,,red,,,Away,,,Adult,,,0.0,shopify,deny,manual,30000.00,,true,true,,,,,"",https://cdn.shopify.com/s/files/1/0707/7753/6680/files/Car_3rd_White_Front_lo_0b8ef24b-70c6-4d9e-920c-03a31b8c2814.webp?v=1751518157,9,"",,,,,,,,,,,,,,,,,,,,,,,,,,,,,,,,,,,,,,,,,,,,,,,https://cdn.shopify.com/s/files/1/0707/7753/6680/files/Car_Away_Red_Front_lo_mini_c826802c-3ec5-4f75-9660-c7d2f698debc.webp?v=1751518157,kg,,,,,,
carolina-hurricanes,,,,,,,,,red,,,Away,,,Mini,,,0.0,shopify,deny,manual,30000.00,,true,true,,,,,"",https://cdn.shopify.com/s/files/1/0707/7753/6680/files/carolina.webp?v=1751518157,10,"",,,,,,,,,,,,,,,,,,,,,,,,,,,,,,,,,,,,,,,,,,,,,,,https://cdn.shopify.com/s/files/1/0707/7753/6680/files/Car_Away_Red_Front_lo_mini_c826802c-3ec5-4f75-9660-c7d2f698debc.webp?v=1751518157,kg,,,,,,
carolina-hurricanes,,,,,,,,,red,,,Third,,,Adult,,,0.0,shopify,deny,manual,30000.00,,true,true,,,,,"",,,,,,,,,,,,,,,,,,,,,,,,,,,,,,,,,,,,,,,,,,,,,,,,,,https://cdn.shopify.com/s/files/1/0707/7753/6680/files/Car_3rd_Red_Front_lo_bd1b6c47-ef83-478d-9632-f7b40edc6992.webp?v=1751518157,kg,,,,,,
carolina-hurricanes,,,,,,,,,red,,,Third,,,Mini,,,0.0,shopify,deny,manual,30000.00,,true,true,,,,,"",,,,,,,,,,,,,,,,,,,,,,,,,,,,,,,,,,,,,,,,,,,,,,,,,,https://cdn.shopify.com/s/files/1/0707/7753/6680/files/Car_3rd_Red_Front_lo_bd1b6c47-ef83-478d-9632-f7b40edc6992.webp?v=1751518157,kg,,,,,,
carolina-hurricanes,,,,,,,,,white,,,Home,,,Adult,,,0.0,shopify,deny,manual,30000.00,,true,true,,,,,"",,,,,,,,,,,,,,,,,,,,,,,,,,,,,,,,,,,,,,,,,,,,,,,,,,https://cdn.shopify.com/s/files/1/0707/7753/6680/files/CarHome_White_Front_lo_dce11b74-6169-407a-b775-190124275fbd.webp?v=1751518157,kg,,,,,,
carolina-hurricanes,,,,,,,,,white,,,Home,,,Mini,,,0.0,shopify,deny,manual,30000.00,,true,true,,,,,"",,,,,,,,,,,,,,,,,,,,,,,,,,,,,,,,,,,,,,,,,,,,,,,,,,https://cdn.shopify.com/s/files/1/0707/7753/6680/files/CarHome_White_Front_lo_dce11b74-6169-407a-b775-190124275fbd.webp?v=1751518157,kg,,,,,,
carolina-hurricanes,,,,,,,,,white,,,Away,,,Adult,,,0.0,shopify,deny,manual,30000.00,,true,true,,,,,"",,,,,,,,,,,,,,,,,,,,,,,,,,,,,,,,,,,,,,,,,,,,,,,,,,https://cdn.shopify.com/s/files/1/0707/7753/6680/files/Car_Away_White_Front_lo_mini_1ee2df62-b336-47f5-8bcb-7965615fe17c.webp?v=1751518157,kg,,,,,,
carolina-hurricanes,,,,,,,,,white,,,Away,,,Mini,,,0.0,shopify,deny,manual,30000.00,,true,true,,,,,"",,,,,,,,,,,,,,,,,,,,,,,,,,,,,,,,,,,,,,,,,,,,,,,,,,https://cdn.shopify.com/s/files/1/0707/7753/6680/files/Car_Away_White_Front_lo_mini_1ee2df62-b336-47f5-8bcb-7965615fe17c.webp?v=1751518157,kg,,,,,,
carolina-hurricanes,,,,,,,,,white,,,Third,,,Adult,,,0.0,shopify,deny,manual,30000.00,,true,true,,,,,"",,,,,,,,,,,,,,,,,,,,,,,,,,,,,,,,,,,,,,,,,,,,,,,,,,https://cdn.shopify.com/s/files/1/0707/7753/6680/files/Car_3rd_White_Front_lo_0b8ef24b-70c6-4d9e-920c-03a31b8c2814.webp?v=1751518157,kg,,,,,,
carolina-hurricanes,,,,,,,,,white,,,Third,,,Mini,,,0.0,shopify,deny,manual,30000.00,,true,true,,,,,"",,,,,,,,,,,,,,,,,,,,,,,,,,,,,,,,,,,,,,,,,,,,,,,,,,https://cdn.shopify.com/s/files/1/0707/7753/6680/files/Car_3rd_White_Front_lo_0b8ef24b-70c6-4d9e-920c-03a31b8c2814.webp?v=1751518157,kg,,,,,,
buffalo-sabres,Buffalo Sabres,"",bahadur-startbit,Furniture > Outdoor Furniture > Outdoor Seating > Outdoor Chairs,"","",true,Chair Base Colour,blue,product.metafields.shopify.color-pattern,Jersey Option,Home,,Chair Size,Adult,,,0.0,shopify,deny,manual,30000.00,,true,true,,,,,"",https://cdn.shopify.com/s/files/1/0707/7753/6680/files/Buf_Home_Blue_Front_lo_bf714351-14b3-427a-b606-69cf110616c1.webp?v=1751517667,1,"",false,,,,,,,,Delivered,🚚 Order within the next {{ countdown }} for delivery by {{ deliverydate }}.,Estimated arrival,Estimated dispatch,Order placed,,,,top-desk-bulk-items-nth3lfku,,,,,,,,,,,blue; black; white,,,,,,,,,,,,,,,,,,,https://cdn.shopify.com/s/files/1/0707/7753/6680/files/Buf_Home_Blue_Front_lo_bf714351-14b3-427a-b606-69cf110616c1.webp?v=1751517667,kg,,,true,,,active
buffalo-sabres,,,,,,,,,blue,,,Home,,,Mini,,,0.0,shopify,deny,manual,30000.00,,true,true,,,,,"",https://cdn.shopify.com/s/files/1/0707/7753/6680/files/Buf_Away_Blue_Front_lo_8d4ff82f-965d-40eb-8ad5-f347e000d4dc.webp?v=1751517667,2,"",,,,,,,,,,,,,,,,,,,,,,,,,,,,,,,,,,,,,,,,,,,,,,,https://cdn.shopify.com/s/files/1/0707/7753/6680/files/Buf_Home_Blue_Front_lo_bf714351-14b3-427a-b606-69cf110616c1.webp?v=1751517667,kg,,,,,,
buffalo-sabres,,,,,,,,,blue,,,Away,,,Adult,,,0.0,shopify,deny,manual,30000.00,,true,true,,,,,"",https://cdn.shopify.com/s/files/1/0707/7753/6680/files/Buf_Home_Black_Front_lo_6d37a078-d64c-451f-bfef-87972b650d77.webp?v=1751517667,3,"",,,,,,,,,,,,,,,,,,,,,,,,,,,,,,,,,,,,,,,,,,,,,,,https://cdn.shopify.com/s/files/1/0707/7753/6680/files/Buf_Away_Blue_Front_lo_8d4ff82f-965d-40eb-8ad5-f347e000d4dc.webp?v=1751517667,kg,,,,,,
buffalo-sabres,,,,,,,,,blue,,,Away,,,Mini,,,0.0,shopify,deny,manual,30000.00,,true,true,,,,,"",https://cdn.shopify.com/s/files/1/0707/7753/6680/files/Buf_Away_Black_Front_lo_21006077-6e6c-4386-aa92-e2c1a4a5fa78.webp?v=1751517667,4,"",,,,,,,,,,,,,,,,,,,,,,,,,,,,,,,,,,,,,,,,,,,,,,,https://cdn.shopify.com/s/files/1/0707/7753/6680/files/Buf_Away_Blue_Front_lo_8d4ff82f-965d-40eb-8ad5-f347e000d4dc.webp?v=1751517667,kg,,,,,,
buffalo-sabres,,,,,,,,,black,,,Home,,,Adult,,,0.0,shopify,deny,manual,30000.00,,true,true,,,,,"",https://cdn.shopify.com/s/files/1/0707/7753/6680/files/Buf_Home_White_Front_lo_f8f51cb1-0ebb-428c-a070-425ac0642fdc.webp?v=1751517667,5,"",,,,,,,,,,,,,,,,,,,,,,,,,,,,,,,,,,,,,,,,,,,,,,,https://cdn.shopify.com/s/files/1/0707/7753/6680/files/Buf_Home_Black_Front_lo_6d37a078-d64c-451f-bfef-87972b650d77.webp?v=1751517667,kg,,,,,,
buffalo-sabres,,,,,,,,,black,,,Home,,,Mini,,,0.0,shopify,deny,manual,30000.00,,true,true,,,,,"",https://cdn.shopify.com/s/files/1/0707/7753/6680/files/Buf_Away_White_Front_lo_70d9254d-b3ee-4f18-a67f-4f449b050165.webp?v=1751517667,6,"",,,,,,,,,,,,,,,,,,,,,,,,,,,,,,,,,,,,,,,,,,,,,,,https://cdn.shopify.com/s/files/1/0707/7753/6680/files/Buf_Home_Black_Front_lo_6d37a078-d64c-451f-bfef-87972b650d77.webp?v=1751517667,kg,,,,,,
buffalo-sabres,,,,,,,,,black,,,Away,,,Adult,,,0.0,shopify,deny,manual,30000.00,,true,true,,,,,"",https://cdn.shopify.com/s/files/1/0707/7753/6680/files/buffalo.webp?v=1751517667,7,"",,,,,,,,,,,,,,,,,,,,,,,,,,,,,,,,,,,,,,,,,,,,,,,https://cdn.shopify.com/s/files/1/0707/7753/6680/files/Buf_Away_Black_Front_lo_21006077-6e6c-4386-aa92-e2c1a4a5fa78.webp?v=1751517667,kg,,,,,,
buffalo-sabres,,,,,,,,,black,,,Away,,,Mini,,,0.0,shopify,deny,manual,30000.00,,true,true,,,,,"",,,,,,,,,,,,,,,,,,,,,,,,,,,,,,,,,,,,,,,,,,,,,,,,,,https://cdn.shopify.com/s/files/1/0707/7753/6680/files/Buf_Away_Black_Front_lo_21006077-6e6c-4386-aa92-e2c1a4a5fa78.webp?v=1751517667,kg,,,,,,
buffalo-sabres,,,,,,,,,white,,,Home,,,Adult,,,0.0,shopify,deny,manual,30000.00,,true,true,,,,,"",,,,,,,,,,,,,,,,,,,,,,,,,,,,,,,,,,,,,,,,,,,,,,,,,,https://cdn.shopify.com/s/files/1/0707/7753/6680/files/Buf_Home_White_Front_lo_f8f51cb1-0ebb-428c-a070-425ac0642fdc.webp?v=1751517667,kg,,,,,,
buffalo-sabres,,,,,,,,,white,,,Home,,,Mini,,,0.0,shopify,deny,manual,30000.00,,true,true,,,,,"",,,,,,,,,,,,,,,,,,,,,,,,,,,,,,,,,,,,,,,,,,,,,,,,,,https://cdn.shopify.com/s/files/1/0707/7753/6680/files/Buf_Home_White_Front_lo_f8f51cb1-0ebb-428c-a070-425ac0642fdc.webp?v=1751517667,kg,,,,,,
buffalo-sabres,,,,,,,,,white,,,Away,,,Adult,,,0.0,shopify,deny,manual,30000.00,,true,true,,,,,"",,,,,,,,,,,,,,,,,,,,,,,,,,,,,,,,,,,,,,,,,,,,,,,,,,https://cdn.shopify.com/s/files/1/0707/7753/6680/files/Buf_Away_White_Front_lo_70d9254d-b3ee-4f18-a67f-4f449b050165.webp?v=1751517667,kg,,,,,,
buffalo-sabres,,,,,,,,,white,,,Away,,,Mini,,,0.0,shopify,deny,manual,30000.00,,true,true,,,,,"",,,,,,,,,,,,,,,,,,,,,,,,,,,,,,,,,,,,,,,,,,,,,,,,,,https://cdn.shopify.com/s/files/1/0707/7753/6680/files/Buf_Away_White_Front_lo_70d9254d-b3ee-4f18-a67f-4f449b050165.webp?v=1751517667,kg,,,,,,
boston-bruins,Boston Bruins,"",bahadur-startbit,Furniture > Outdoor Furniture > Outdoor Seating > Outdoor Chairs,"","",true,Chair Base Colour,black,product.metafields.shopify.color-pattern,Jersey Option,Home,,Chair Size,Adult,,,0.0,shopify,deny,manual,290000.00,,true,true,,,,,"",https://cdn.shopify.com/s/files/1/0707/7753/6680/files/Bos_Home_Black_Front_lo_0b285d97-dea3-4c78-b1c2-90dfd69ac41b.webp?v=1751517232,1,"",false,,,,,,,,Delivered,🚚 Order within the next {{ countdown }} for delivery by {{ deliverydate }}.,Estimated arrival,Estimated dispatch,Order placed,,,,top-desk-bulk-items-fgwvclku,,,,,,,,,,,black; white,,,,,,,,,,,,,,,,,,,https://cdn.shopify.com/s/files/1/0707/7753/6680/files/Bos_Home_Black_Front_lo_0b285d97-dea3-4c78-b1c2-90dfd69ac41b.webp?v=1751517232,kg,,,true,,,active
boston-bruins,,,,,,,,,black,,,Home,,,Mini,,,0.0,shopify,deny,manual,290000.00,,true,true,,,,,"",https://cdn.shopify.com/s/files/1/0707/7753/6680/files/Bos_Away_Black_Front_lo.webp?v=1751517232,2,"",,,,,,,,,,,,,,,,,,,,,,,,,,,,,,,,,,,,,,,,,,,,,,,https://cdn.shopify.com/s/files/1/0707/7753/6680/files/Bos_Home_Black_Front_lo_0b285d97-dea3-4c78-b1c2-90dfd69ac41b.webp?v=1751517232,kg,,,,,,
boston-bruins,,,,,,,,,black,,,Away,,,Adult,,,0.0,shopify,deny,manual,290000.00,,true,true,,,,,"",https://cdn.shopify.com/s/files/1/0707/7753/6680/files/Bos_Home_White_Front_lo.webp?v=1751517232,3,"",,,,,,,,,,,,,,,,,,,,,,,,,,,,,,,,,,,,,,,,,,,,,,,https://cdn.shopify.com/s/files/1/0707/7753/6680/files/Bos_Away_Black_Front_lo.webp?v=1751517232,kg,,,,,,
boston-bruins,,,,,,,,,black,,,Away,,,Mini,,,0.0,shopify,deny,manual,290000.00,,true,true,,,,,"",https://cdn.shopify.com/s/files/1/0707/7753/6680/files/Bos_Away_White_Front_lo.webp?v=1751517232,4,"",,,,,,,,,,,,,,,,,,,,,,,,,,,,,,,,,,,,,,,,,,,,,,,https://cdn.shopify.com/s/files/1/0707/7753/6680/files/Bos_Away_Black_Front_lo.webp?v=1751517232,kg,,,,,,
boston-bruins,,,,,,,,,white,,,Home,,,Adult,,,0.0,shopify,deny,manual,290000.00,,true,true,,,,,"",https://cdn.shopify.com/s/files/1/0707/7753/6680/files/boston-bruins.png?v=1751517232,5,"",,,,,,,,,,,,,,,,,,,,,,,,,,,,,,,,,,,,,,,,,,,,,,,https://cdn.shopify.com/s/files/1/0707/7753/6680/files/Bos_Home_White_Front_lo.webp?v=1751517232,kg,,,,,,
boston-bruins,,,,,,,,,white,,,Home,,,Mini,,,0.0,shopify,deny,manual,290000.00,,true,true,,,,,"",,,,,,,,,,,,,,,,,,,,,,,,,,,,,,,,,,,,,,,,,,,,,,,,,,https://cdn.shopify.com/s/files/1/0707/7753/6680/files/Bos_Home_White_Front_lo.webp?v=1751517232,kg,,,,,,
boston-bruins,,,,,,,,,white,,,Away,,,Adult,,,0.0,shopify,deny,manual,290000.00,,true,true,,,,,"",,,,,,,,,,,,,,,,,,,,,,,,,,,,,,,,,,,,,,,,,,,,,,,,,,https://cdn.shopify.com/s/files/1/0707/7753/6680/files/Bos_Away_White_Front_lo.webp?v=1751517232,kg,,,,,,
boston-bruins,,,,,,,,,white,,,Away,,,Mini,,,0.0,shopify,deny,manual,290000.00,,true,true,,,,,"",,,,,,,,,,,,,,,,,,,,,,,,,,,,,,,,,,,,,,,,,,,,,,,,,,https://cdn.shopify.com/s/files/1/0707/7753/6680/files/Bos_Away_White_Front_lo.webp?v=1751517232,kg,,,,,,
columbus-blue-jackets®,Columbus Blue Jackets®,"",bahadur-startbit,Furniture > Outdoor Furniture > Outdoor Seating > Outdoor Chairs,"","",true,Chair Base Colour,red,product.metafields.shopify.color-pattern,Jersey Option,Home,,Chair Size,Adult,,"",0.0,shopify,deny,manual,29000.00,,true,true,,,,,"",https://cdn.shopify.com/s/files/1/0707/7753/6680/files/18.33.png?v=1750828605,1,"",false,,,,columbus-blue-jackets®-1,custom-product-hwi8ne5l,,,Delivered,🚚 Order within the next {{ countdown }} for delivery by {{ deliverydate }}.,Estimated arrival,Estimated dispatch,Order placed,,,,top-desk-bulk-items-roih2q2v,,,,,,,,,,,red; black; white; blue,,,,,,,,,,,,,,,,,,,https://cdn.shopify.com/s/files/1/0707/7753/6680/files/18.33.png?v=1750828605,kg,,,true,,,active
columbus-blue-jackets®,,,,,,,,,red,,,Home,,,Mini,,"",0.0,shopify,deny,manual,29000.00,,true,true,,,,,"",https://cdn.shopify.com/s/files/1/0707/7753/6680/files/c18.png?v=1750828523,2,ccc,,,,,,,,,,,,,,,,,,,,,,,,,,,,,,,,,,,,,,,,,,,,,,,https://cdn.shopify.com/s/files/1/0707/7753/6680/files/18.33.png?v=1750828605,kg,,,,,,
columbus-blue-jackets®,,,,,,,,,red,,,Away,,,Adult,,"",0.0,shopify,deny,manual,29000.00,,true,true,,,,,"",https://cdn.shopify.com/s/files/1/0707/7753/6680/files/Black_31723237-b61e-4474-8f14-91bfaaabf20b.jpg?v=1751004879,3,"",,,,,,,,,,,,,,,,,,,,,,,,,,,,,,,,,,,,,,,,,,,,,,,https://cdn.shopify.com/s/files/1/0707/7753/6680/files/Away_red.jpg?v=1751005379,kg,,,,,,
columbus-blue-jackets®,,,,,,,,,red,,,Away,,,Mini,,"",0.0,shopify,deny,manual,29000.00,,true,true,,,,,"",https://cdn.shopify.com/s/files/1/0707/7753/6680/files/Black_9baf0ae7-359a-4078-b636-f905e355d97b.jpg?v=1751004917,4,"",,,,,,,,,,,,,,,,,,,,,,,,,,,,,,,,,,,,,,,,,,,,,,,https://cdn.shopify.com/s/files/1/0707/7753/6680/files/Away_red.jpg?v=1751005379,kg,,,,,,
columbus-blue-jackets®,,,,,,,,,black,,,Home,,,Adult,,"",0.0,shopify,deny,manual,29000.00,,true,true,,,,,"",https://cdn.shopify.com/s/files/1/0707/7753/6680/files/White_60cf7aa6-0570-4505-9425-c9c863155e33.jpg?v=1751004879,5,"",,,,,,,,,,,,,,,,,,,,,,,,,,,,,,,,,,,,,,,,,,,,,,,https://cdn.shopify.com/s/files/1/0707/7753/6680/files/Black_31723237-b61e-4474-8f14-91bfaaabf20b.jpg?v=1751004879,kg,,,,,,
columbus-blue-jackets®,,,,,,,,,black,,,Home,,,Mini,,"",0.0,shopify,deny,manual,29000.00,,true,true,,,,,"",https://cdn.shopify.com/s/files/1/0707/7753/6680/files/blue_b2f1d7e4-b23d-41c8-a84c-719b3cc79aae.jpg?v=1751004879,6,"",,,,,,,,,,,,,,,,,,,,,,,,,,,,,,,,,,,,,,,,,,,,,,,https://cdn.shopify.com/s/files/1/0707/7753/6680/files/Black_9baf0ae7-359a-4078-b636-f905e355d97b.jpg?v=1751004917,kg,,,,,,
columbus-blue-jackets®,,,,,,,,,black,,,Away,,,Adult,,"",0.0,shopify,deny,manual,29000.00,,true,true,,,,,"",https://cdn.shopify.com/s/files/1/0707/7753/6680/files/Away_red.jpg?v=1751005379,7,"",,,,,,,,,,,,,,,,,,,,,,,,,,,,,,,,,,,,,,,,,,,,,,,https://cdn.shopify.com/s/files/1/0707/7753/6680/files/Away_black_ce524f04-8b7d-4027-ac83-230224c1ea70.jpg?v=1751005443,kg,,,,,,
columbus-blue-jackets®,,,,,,,,,black,,,Away,,,Mini,,"",0.0,shopify,deny,manual,29000.00,,true,true,,,,,"",https://cdn.shopify.com/s/files/1/0707/7753/6680/files/Away_black_ce524f04-8b7d-4027-ac83-230224c1ea70.jpg?v=1751005443,8,"",,,,,,,,,,,,,,,,,,,,,,,,,,,,,,,,,,,,,,,,,,,,,,,https://cdn.shopify.com/s/files/1/0707/7753/6680/files/Away_black_146e18c6-e471-4a81-ab96-2d5285fabec0.jpg?v=1751005468,kg,,,,,,
columbus-blue-jackets®,,,,,,,,,white,,,Home,,,Adult,,"",0.0,shopify,deny,manual,29000.00,,true,true,,,,,"",https://cdn.shopify.com/s/files/1/0707/7753/6680/files/Away_black_146e18c6-e471-4a81-ab96-2d5285fabec0.jpg?v=1751005468,9,"",,,,,,,,,,,,,,,,,,,,,,,,,,,,,,,,,,,,,,,,,,,,,,,https://cdn.shopify.com/s/files/1/0707/7753/6680/files/White_60cf7aa6-0570-4505-9425-c9c863155e33.jpg?v=1751004879,kg,,,,,,
columbus-blue-jackets®,,,,,,,,,white,,,Home,,,Mini,,"",0.0,shopify,deny,manual,29000.00,,true,true,,,,,"",https://cdn.shopify.com/s/files/1/0707/7753/6680/files/Away_White_6dc6080e-f466-4f4d-a0f7-8492d5c151c2.jpg?v=1751005494,10,"",,,,,,,,,,,,,,,,,,,,,,,,,,,,,,,,,,,,,,,,,,,,,,,https://cdn.shopify.com/s/files/1/0707/7753/6680/files/White_60cf7aa6-0570-4505-9425-c9c863155e33.jpg?v=1751004879,kg,,,,,,
columbus-blue-jackets®,,,,,,,,,white,,,Away,,,Adult,,"",0.0,shopify,deny,manual,29000.00,,true,true,,,,,"",https://cdn.shopify.com/s/files/1/0707/7753/6680/files/Away_White_e83cd1f0-1dfb-4dcd-8fc3-1af8bdd87da6.jpg?v=1751005538,11,"",,,,,,,,,,,,,,,,,,,,,,,,,,,,,,,,,,,,,,,,,,,,,,,https://cdn.shopify.com/s/files/1/0707/7753/6680/files/Away_White_6dc6080e-f466-4f4d-a0f7-8492d5c151c2.jpg?v=1751005494,kg,,,,,,
columbus-blue-jackets®,,,,,,,,,white,,,Away,,,Mini,,"",0.0,shopify,deny,manual,29000.00,,true,true,,,,,"",https://cdn.shopify.com/s/files/1/0707/7753/6680/files/Away_blue_30d225f6-4e77-45a2-93dc-cb802b47eb80.jpg?v=1751005560,12,"",,,,,,,,,,,,,,,,,,,,,,,,,,,,,,,,,,,,,,,,,,,,,,,https://cdn.shopify.com/s/files/1/0707/7753/6680/files/Away_White_e83cd1f0-1dfb-4dcd-8fc3-1af8bdd87da6.jpg?v=1751005538,kg,,,,,,
columbus-blue-jackets®,,,,,,,,,blue,,,Home,,,Adult,,"",0.0,shopify,deny,manual,29000.00,,true,true,,,,,"",https://cdn.shopify.com/s/files/1/0707/7753/6680/files/Away_blue_294caeea-aaf4-4aa4-a99e-fbb96f09867e.jpg?v=1751005602,13,"",,,,,,,,,,,,,,,,,,,,,,,,,,,,,,,,,,,,,,,,,,,,,,,https://cdn.shopify.com/s/files/1/0707/7753/6680/files/blue_b2f1d7e4-b23d-41c8-a84c-719b3cc79aae.jpg?v=1751004879,kg,,,,,,
columbus-blue-jackets®,,,,,,,,,blue,,,Home,,,Mini,,"",0.0,shopify,deny,manual,29000.00,,true,true,,,,,"",,,,,,,,,,,,,,,,,,,,,,,,,,,,,,,,,,,,,,,,,,,,,,,,,,https://cdn.shopify.com/s/files/1/0707/7753/6680/files/blue_b2f1d7e4-b23d-41c8-a84c-719b3cc79aae.jpg?v=1751004879,kg,,,,,,
columbus-blue-jackets®,,,,,,,,,blue,,,Away,,,Adult,,"",0.0,shopify,deny,manual,29000.00,,true,true,,,,,"",,,,,,,,,,,,,,,,,,,,,,,,,,,,,,,,,,,,,,,,,,,,,,,,,,https://cdn.shopify.com/s/files/1/0707/7753/6680/files/Away_blue_30d225f6-4e77-45a2-93dc-cb802b47eb80.jpg?v=1751005560,kg,,,,,,
columbus-blue-jackets®,,,,,,,,,blue,,,Away,,,Mini,,"",0.0,shopify,deny,manual,29000.00,,true,true,,,,,"",,,,,,,,,,,,,,,,,,,,,,,,,,,,,,,,,,,,,,,,,,,,,,,,,,https://cdn.shopify.com/s/files/1/0707/7753/6680/files/Away_blue_294caeea-aaf4-4aa4-a99e-fbb96f09867e.jpg?v=1751005602,kg,,,,,,
colorado-avalanche®,Colorado Avalanche®,"",bahadur-startbit,Furniture > Outdoor Furniture > Outdoor Seating > Outdoor Chairs,"","",true,Chair Base Colour,blue,product.metafields.shopify.color-pattern,Jersey Option,Home,,Chair Sizes,Adult,,"",0.0,shopify,deny,manual,29000.00,,true,true,,,,,"",https://cdn.shopify.com/s/files/1/0707/7753/6680/files/c17.png?v=1750828759,1,"",false,,,,colorado-avalanche®-custom,custom-product-psx5wpr6,,,Delivered,🚚 Order within the next {{ countdown }} for delivery by {{ deliverydate }}.,Estimated arrival,Estimated dispatch,Order placed,,,,,,,,,,upholstered,,,,,blue; black; white; gray,,,,,,,upholstered,,,,,,,,,,,,https://cdn.shopify.com/s/files/1/0707/7753/6680/files/c17.png?v=1750828759,kg,,,true,,,active
colorado-avalanche®,,,,,,,,,blue,,,Home,,,mini,,"",0.0,shopify,deny,manual,29000.00,,true,true,,,,,"",https://cdn.shopify.com/s/files/1/0707/7753/6680/files/c17.1.png?v=1750828759,2,ccc,,,,,,,,,,,,,,,,,,,,,,,,,,,,,,,,,,,,,,,,,,,,,,,https://cdn.shopify.com/s/files/1/0707/7753/6680/files/c17.png?v=1750828759,kg,,,,,,
colorado-avalanche®,,,,,,,,,blue,,,Away,,,Adult,,"",0.0,shopify,deny,manual,29000.00,,true,true,,,,,"",https://cdn.shopify.com/s/files/1/0707/7753/6680/files/Col_Away_Blue_Front_lo.jpg?v=1751006725,3,"",,,,,,,,,,,,,,,,,,,,,,,,,,,,,,,,,,,,,,,,,,,,,,,https://cdn.shopify.com/s/files/1/0707/7753/6680/files/Col_Away_Blue_Front_lo.jpg?v=1751006725,kg,,,,,,
colorado-avalanche®,,,,,,,,,blue,,,Away,,,mini,,"",0.0,shopify,deny,manual,29000.00,,true,true,,,,,"",https://cdn.shopify.com/s/files/1/0707/7753/6680/files/Col_Home_Black_Front_lo.jpg?v=1751006448,4,"",,,,,,,,,,,,,,,,,,,,,,,,,,,,,,,,,,,,,,,,,,,,,,,https://cdn.shopify.com/s/files/1/0707/7753/6680/files/Col_Away_Blue_Front_lo.jpg?v=1751006725,kg,,,,,,
colorado-avalanche®,,,,,,,,,black,,,Home,,,Adult,,"",0.0,shopify,deny,manual,29000.00,,true,true,,,,,"",https://cdn.shopify.com/s/files/1/0707/7753/6680/files/Col_Home_Black_Front_lo_36fac273-945f-4d35-afa7-dbc93a1246ba.jpg?v=1751006468,5,"",,,,,,,,,,,,,,,,,,,,,,,,,,,,,,,,,,,,,,,,,,,,,,,https://cdn.shopify.com/s/files/1/0707/7753/6680/files/Col_Home_Black_Front_lo.jpg?v=1751006448,kg,,,,,,
colorado-avalanche®,,,,,,,,,black,,,Home,,,mini,,"",0.0,shopify,deny,manual,29000.00,,true,true,,,,,"",https://cdn.shopify.com/s/files/1/0707/7753/6680/files/Col_Away_Black_Front_lo.jpg?v=1751006761,6,"",,,,,,,,,,,,,,,,,,,,,,,,,,,,,,,,,,,,,,,,,,,,,,,https://cdn.shopify.com/s/files/1/0707/7753/6680/files/Col_Home_Black_Front_lo_36fac273-945f-4d35-afa7-dbc93a1246ba.jpg?v=1751006468,kg,,,,,,
colorado-avalanche®,,,,,,,,,black,,,Away,,,Adult,,"",0.0,shopify,deny,manual,29000.00,,true,true,,,,,"",https://cdn.shopify.com/s/files/1/0707/7753/6680/files/Col_Home_White_Front_lo.jpg?v=1751006599,7,"",,,,,,,,,,,,,,,,,,,,,,,,,,,,,,,,,,,,,,,,,,,,,,,https://cdn.shopify.com/s/files/1/0707/7753/6680/files/Col_Away_Black_Front_lo.jpg?v=1751006761,kg,,,,,,
colorado-avalanche®,,,,,,,,,black,,,Away,,,mini,,"",0.0,shopify,deny,manual,29000.00,,true,true,,,,,"",https://cdn.shopify.com/s/files/1/0707/7753/6680/files/Col_Home_White_Front_lo_e80c5a59-8df4-4857-bf8b-9b6efd00ab4f.jpg?v=1751006619,8,"",,,,,,,,,,,,,,,,,,,,,,,,,,,,,,,,,,,,,,,,,,,,,,,https://cdn.shopify.com/s/files/1/0707/7753/6680/files/Col_Away_Black_Front_lo.jpg?v=1751006761,kg,,,,,,
colorado-avalanche®,,,,,,,,,white,,,Home,,,Adult,,"",0.0,shopify,deny,manual,29000.00,,true,true,,,,,"",https://cdn.shopify.com/s/files/1/0707/7753/6680/files/Col_Away_White_Front_lo.jpg?v=1751006793,9,"",,,,,,,,,,,,,,,,,,,,,,,,,,,,,,,,,,,,,,,,,,,,,,,https://cdn.shopify.com/s/files/1/0707/7753/6680/files/Col_Home_White_Front_lo.jpg?v=1751006599,kg,,,,,,
colorado-avalanche®,,,,,,,,,white,,,Home,,,mini,,"",0.0,shopify,deny,manual,29000.00,,true,true,,,,,"",https://cdn.shopify.com/s/files/1/0707/7753/6680/files/Col_Home_Slate_Front_lo.jpg?v=1751006674,10,"",,,,,,,,,,,,,,,,,,,,,,,,,,,,,,,,,,,,,,,,,,,,,,,https://cdn.shopify.com/s/files/1/0707/7753/6680/files/Col_Home_White_Front_lo_e80c5a59-8df4-4857-bf8b-9b6efd00ab4f.jpg?v=1751006619,kg,,,,,,
colorado-avalanche®,,,,,,,,,white,,,Away,,,Adult,,"",0.0,shopify,deny,manual,29000.00,,true,true,,,,,"",https://cdn.shopify.com/s/files/1/0707/7753/6680/files/Col_Home_Slate_Front_lo_a2628b61-a568-4a09-8339-5a360cda0161.jpg?v=1751006699,11,"",,,,,,,,,,,,,,,,,,,,,,,,,,,,,,,,,,,,,,,,,,,,,,,https://cdn.shopify.com/s/files/1/0707/7753/6680/files/Col_Away_White_Front_lo.jpg?v=1751006793,kg,,,,,,
colorado-avalanche®,,,,,,,,,white,,,Away,,,mini,,"",0.0,shopify,deny,manual,29000.00,,true,true,,,,,"",https://cdn.shopify.com/s/files/1/0707/7753/6680/files/Col_Away_Slate_Front_lo.jpg?v=1751006823,12,"",,,,,,,,,,,,,,,,,,,,,,,,,,,,,,,,,,,,,,,,,,,,,,,https://cdn.shopify.com/s/files/1/0707/7753/6680/files/Col_Away_White_Front_lo.jpg?v=1751006793,kg,,,,,,
colorado-avalanche®,,,,,,,,,gray,,,Home,,,Adult,,"",0.0,shopify,deny,manual,29000.00,,true,true,,,,,"",,,,,,,,,,,,,,,,,,,,,,,,,,,,,,,,,,,,,,,,,,,,,,,,,,https://cdn.shopify.com/s/files/1/0707/7753/6680/files/Col_Home_Slate_Front_lo.jpg?v=1751006674,kg,,,,,,
colorado-avalanche®,,,,,,,,,gray,,,Home,,,mini,,"",0.0,shopify,deny,manual,29000.00,,true,true,,,,,"",,,,,,,,,,,,,,,,,,,,,,,,,,,,,,,,,,,,,,,,,,,,,,,,,,https://cdn.shopify.com/s/files/1/0707/7753/6680/files/Col_Home_Slate_Front_lo_a2628b61-a568-4a09-8339-5a360cda0161.jpg?v=1751006699,kg,,,,,,
colorado-avalanche®,,,,,,,,,gray,,,Away,,,Adult,,"",0.0,shopify,deny,manual,29000.00,,true,true,,,,,"",,,,,,,,,,,,,,,,,,,,,,,,,,,,,,,,,,,,,,,,,,,,,,,,,,https://cdn.shopify.com/s/files/1/0707/7753/6680/files/Col_Away_Slate_Front_lo.jpg?v=1751006823,kg,,,,,,
colorado-avalanche®,,,,,,,,,gray,,,Away,,,mini,,"",0.0,shopify,deny,manual,29000.00,,true,true,,,,,"",,,,,,,,,,,,,,,,,,,,,,,,,,,,,,,,,,,,,,,,,,,,,,,,,,https://cdn.shopify.com/s/files/1/0707/7753/6680/files/Col_Away_Slate_Front_lo.jpg?v=1751006823,kg,,,,,,
chicago-blackhawks®,Chicago Blackhawks®,"",bahadur-startbit,Furniture > Outdoor Furniture > Outdoor Seating > Outdoor Chairs,"","",true,Chair Base Colour,black,product.metafields.shopify.color-pattern,Jersey Option,Home,,Chair Size,Adult,,"",0.0,shopify,deny,manual,29000.00,,true,true,,,,,"",https://cdn.shopify.com/s/files/1/0707/7753/6680/files/Chi_Home_White_Front_lo_6806ef46-dcc0-4f65-9a2a-ba236eabcff4.jpg?v=1751015019,1,"",false,,,,chicago-blackhawks®-custom,custom-product-pn5qzswh,,,Delivered,🚚 Order within the next {{ countdown }} for delivery by {{ deliverydate }}.,Estimated arrival,Estimated dispatch,Order placed,,,,,,,,,,,,,,,black; red; white,,,,,,,,,,,,,,,,,,,https://cdn.shopify.com/s/files/1/0707/7753/6680/files/Chi_Home_White_Front_lo_6806ef46-dcc0-4f65-9a2a-ba236eabcff4.jpg?v=1751015019,kg,,,true,,,active
chicago-blackhawks®,,,,,,,,,black,,,Home,,,Mini,,"",0.0,shopify,deny,manual,29000.00,,true,true,,,,,"",https://cdn.shopify.com/s/files/1/0707/7753/6680/files/c16.1.png?v=1751015019,2,ccc,,,,,,,,,,,,,,,,,,,,,,,,,,,,,,,,,,,,,,,,,,,,,,,https://cdn.shopify.com/s/files/1/0707/7753/6680/files/Chi_Home_White_Front_lo_6806ef46-dcc0-4f65-9a2a-ba236eabcff4.jpg?v=1751015019,kg,,,,,,
chicago-blackhawks®,,,,,,,,,black,,,Away,,,Adult,,"",0.0,shopify,deny,manual,29000.00,,true,true,,,,,"",https://cdn.shopify.com/s/files/1/0707/7753/6680/files/Chi_Away_Black_Front_lo.jpg?v=1751015019,3,"",,,,,,,,,,,,,,,,,,,,,,,,,,,,,,,,,,,,,,,,,,,,,,,https://cdn.shopify.com/s/files/1/0707/7753/6680/files/Chi_Away_Black_Front_lo.jpg?v=1751015019,kg,,,,,,
chicago-blackhawks®,,,,,,,,,black,,,Away,,,Mini,,"",0.0,shopify,deny,manual,29000.00,,true,true,,,,,"",https://cdn.shopify.com/s/files/1/0707/7753/6680/files/Chi_Away_Red_Front_lo.jpg?v=1751014978,4,"",,,,,,,,,,,,,,,,,,,,,,,,,,,,,,,,,,,,,,,,,,,,,,,https://cdn.shopify.com/s/files/1/0707/7753/6680/files/Chi_Away_Black_Front_lo.jpg?v=1751015019,kg,,,,,,
chicago-blackhawks®,,,,,,,,,red,,,Home,,,Adult,,"",0.0,shopify,deny,manual,29000.00,,true,true,,,,,"",https://cdn.shopify.com/s/files/1/0707/7753/6680/files/Chi_Home_Red_Front_lo.jpg?v=1751014978,5,"",,,,,,,,,,,,,,,,,,,,,,,,,,,,,,,,,,,,,,,,,,,,,,,,kg,,,,,,
chicago-blackhawks®,,,,,,,,,red,,,Home,,,Mini,,"",0.0,shopify,deny,manual,29000.00,,true,true,,,,,"",https://cdn.shopify.com/s/files/1/0707/7753/6680/files/Chi_Home_White_Front_lo.jpg?v=1751014978,6,"",,,,,,,,,,,,,,,,,,,,,,,,,,,,,,,,,,,,,,,,,,,,,,,,kg,,,,,,
chicago-blackhawks®,,,,,,,,,red,,,Away,,,Adult,,"",0.0,shopify,deny,manual,29000.00,,true,true,,,,,"",https://cdn.shopify.com/s/files/1/0707/7753/6680/files/Chi_Away_White_Front_lo.jpg?v=1751014978,7,"",,,,,,,,,,,,,,,,,,,,,,,,,,,,,,,,,,,,,,,,,,,,,,,https://cdn.shopify.com/s/files/1/0707/7753/6680/files/Chi_Away_Red_Front_lo.jpg?v=1751014978,kg,,,,,,
chicago-blackhawks®,,,,,,,,,red,,,Away,,,Mini,,"",0.0,shopify,deny,manual,29000.00,,true,true,,,,,"",,,,,,,,,,,,,,,,,,,,,,,,,,,,,,,,,,,,,,,,,,,,,,,,,,https://cdn.shopify.com/s/files/1/0707/7753/6680/files/Chi_Away_Red_Front_lo.jpg?v=1751014978,kg,,,,,,
chicago-blackhawks®,,,,,,,,,white,,,Home,,,Adult,,"",0.0,shopify,deny,manual,29000.00,,true,true,,,,,"",,,,,,,,,,,,,,,,,,,,,,,,,,,,,,,,,,,,,,,,,,,,,,,,,,https://cdn.shopify.com/s/files/1/0707/7753/6680/files/Chi_Home_White_Front_lo.jpg?v=1751014978,kg,,,,,,
chicago-blackhawks®,,,,,,,,,white,,,Home,,,Mini,,"",0.0,shopify,deny,manual,29000.00,,true,true,,,,,"",,,,,,,,,,,,,,,,,,,,,,,,,,,,,,,,,,,,,,,,,,,,,,,,,,https://cdn.shopify.com/s/files/1/0707/7753/6680/files/Chi_Home_White_Front_lo_6806ef46-dcc0-4f65-9a2a-ba236eabcff4.jpg?v=1751015019,kg,,,,,,
chicago-blackhawks®,,,,,,,,,white,,,Away,,,Adult,,"",0.0,shopify,deny,manual,29000.00,,true,true,,,,,"",,,,,,,,,,,,,,,,,,,,,,,,,,,,,,,,,,,,,,,,,,,,,,,,,,https://cdn.shopify.com/s/files/1/0707/7753/6680/files/Chi_Away_White_Front_lo.jpg?v=1751014978,kg,,,,,,
chicago-blackhawks®,,,,,,,,,white,,,Away,,,Mini,,"",0.0,shopify,deny,manual,29000.00,,true,true,,,,,"",,,,,,,,,,,,,,,,,,,,,,,,,,,,,,,,,,,,,,,,,,,,,,,,,,https://cdn.shopify.com/s/files/1/0707/7753/6680/files/Chi_Away_White_Front_lo.jpg?v=1751014978,kg,,,,,,
carolina-hurricanes®,Carolina Hurricanes®,"",bahadur-startbit,Furniture > Outdoor Furniture > Outdoor Seating > Outdoor Chairs,"","",true,Chair Base Colour,black,product.metafields.shopify.color-pattern,Jersey Option,Home,,Chair Size,Adult,,,0.0,shopify,deny,manual,29000.00,,true,true,,,,,"",https://cdn.shopify.com/s/files/1/0707/7753/6680/files/c15.1.png?v=1750828337,1,"",false,,,,carolina-hurricanes®-custom,custom-product-8oeqh2x0,,,Delivered,🚚 Order within the next {{ countdown }} for delivery by {{ deliverydate }}.,Estimated arrival,Estimated dispatch,Order placed,,,,,,,,,,,,,,,black; red; white,,,,,,,,,,,,,,,,,,,https://cdn.shopify.com/s/files/1/0707/7753/6680/files/CarHome_Black_Front_lo_d552960c-5dec-4646-abf9-943344f176fd.webp?v=1752211995,kg,,,true,,,active
carolina-hurricanes®,,,,,,,,,black,,,Home,,,Mini,,,0.0,shopify,deny,manual,29000.00,,true,true,,,,,"",https://cdn.shopify.com/s/files/1/0707/7753/6680/files/c15.2.png?v=1750828337,2,ccc,,,,,,,,,,,,,,,,,,,,,,,,,,,,,,,,,,,,,,,,,,,,,,,https://cdn.shopify.com/s/files/1/0707/7753/6680/files/CarHome_Black_Front_lo_d552960c-5dec-4646-abf9-943344f176fd.webp?v=1752211995,kg,,,,,,
carolina-hurricanes®,,,,,,,,,black,,,Away,,,Adult,,,0.0,shopify,deny,manual,29000.00,,true,true,,,,,"",https://cdn.shopify.com/s/files/1/0707/7753/6680/files/CarHome_Black_Front_lo_d552960c-5dec-4646-abf9-943344f176fd.webp?v=1752211995,3,"",,,,,,,,,,,,,,,,,,,,,,,,,,,,,,,,,,,,,,,,,,,,,,,https://cdn.shopify.com/s/files/1/0707/7753/6680/files/Car_Away_Black_Front_lo_2809fb5c-2306-4c08-b3f3-3666f1c756b0.webp?v=1752211995,kg,,,,,,
carolina-hurricanes®,,,,,,,,,black,,,Away,,,Mini,,,0.0,shopify,deny,manual,29000.00,,true,true,,,,,"",https://cdn.shopify.com/s/files/1/0707/7753/6680/files/CarHome_Red_Front_lo_7abe36e5-e20d-406a-a483-ab3d8c28dd91.webp?v=1752211995,4,"",,,,,,,,,,,,,,,,,,,,,,,,,,,,,,,,,,,,,,,,,,,,,,,https://cdn.shopify.com/s/files/1/0707/7753/6680/files/Car_Away_Black_Front_lo_2809fb5c-2306-4c08-b3f3-3666f1c756b0.webp?v=1752211995,kg,,,,,,
carolina-hurricanes®,,,,,,,,,black,,,Third,,,Adult,,,0.0,shopify,deny,manual,29000.00,,true,true,,,,,"",https://cdn.shopify.com/s/files/1/0707/7753/6680/files/CarHome_White_Front_lo_984be96c-fedf-47d7-9873-4123e25c0fd9.webp?v=1752211995,5,"",,,,,,,,,,,,,,,,,,,,,,,,,,,,,,,,,,,,,,,,,,,,,,,https://cdn.shopify.com/s/files/1/0707/7753/6680/files/Car_3rd_Black_Front_lo_39323157-e46c-417c-a439-9b08f2ed50c7.webp?v=1752211995,kg,,,,,,
carolina-hurricanes®,,,,,,,,,black,,,Third,,,Mini,,,0.0,shopify,deny,manual,29000.00,,true,true,,,,,"",https://cdn.shopify.com/s/files/1/0707/7753/6680/files/Car_3rd_Black_Front_lo_39323157-e46c-417c-a439-9b08f2ed50c7.webp?v=1752211995,6,"",,,,,,,,,,,,,,,,,,,,,,,,,,,,,,,,,,,,,,,,,,,,,,,https://cdn.shopify.com/s/files/1/0707/7753/6680/files/Car_3rd_Black_Front_lo_39323157-e46c-417c-a439-9b08f2ed50c7.webp?v=1752211995,kg,,,,,,
carolina-hurricanes®,,,,,,,,,red,,,Home,,,Adult,,,0.0,shopify,deny,manual,29000.00,,true,true,,,,,"",https://cdn.shopify.com/s/files/1/0707/7753/6680/files/Car_3rd_Red_Front_lo_959a6561-8fb0-4201-a282-038b9ea1b807.webp?v=1752211995,7,"",,,,,,,,,,,,,,,,,,,,,,,,,,,,,,,,,,,,,,,,,,,,,,,https://cdn.shopify.com/s/files/1/0707/7753/6680/files/CarHome_Red_Front_lo_7abe36e5-e20d-406a-a483-ab3d8c28dd91.webp?v=1752211995,kg,,,,,,
carolina-hurricanes®,,,,,,,,,red,,,Home,,,Mini,,,0.0,shopify,deny,manual,29000.00,,true,true,,,,,"",https://cdn.shopify.com/s/files/1/0707/7753/6680/files/Car_3rd_White_Front_lo_2c0483f2-7578-4848-9dcc-35aaf890c3bc.webp?v=1752211995,8,"",,,,,,,,,,,,,,,,,,,,,,,,,,,,,,,,,,,,,,,,,,,,,,,https://cdn.shopify.com/s/files/1/0707/7753/6680/files/CarHome_Red_Front_lo_7abe36e5-e20d-406a-a483-ab3d8c28dd91.webp?v=1752211995,kg,,,,,,
carolina-hurricanes®,,,,,,,,,red,,,Away,,,Adult,,,0.0,shopify,deny,manual,29000.00,,true,true,,,,,"",https://cdn.shopify.com/s/files/1/0707/7753/6680/files/Car_Away_Black_Front_lo_2809fb5c-2306-4c08-b3f3-3666f1c756b0.webp?v=1752211995,9,"",,,,,,,,,,,,,,,,,,,,,,,,,,,,,,,,,,,,,,,,,,,,,,,https://cdn.shopify.com/s/files/1/0707/7753/6680/files/Car_Away_Red_Front_lo_0d47af37-4bc7-44f4-8160-3adaab3f3189.webp?v=1752211995,kg,,,,,,
carolina-hurricanes®,,,,,,,,,red,,,Away,,,Mini,,,0.0,shopify,deny,manual,29000.00,,true,true,,,,,"",https://cdn.shopify.com/s/files/1/0707/7753/6680/files/Car_Away_Red_Front_lo_0d47af37-4bc7-44f4-8160-3adaab3f3189.webp?v=1752211995,10,"",,,,,,,,,,,,,,,,,,,,,,,,,,,,,,,,,,,,,,,,,,,,,,,https://cdn.shopify.com/s/files/1/0707/7753/6680/files/Car_Away_Red_Front_lo_0d47af37-4bc7-44f4-8160-3adaab3f3189.webp?v=1752211995,kg,,,,,,
carolina-hurricanes®,,,,,,,,,red,,,Third,,,Adult,,,0.0,shopify,deny,manual,29000.00,,true,true,,,,,"",https://cdn.shopify.com/s/files/1/0707/7753/6680/files/Car_Away_White_Front_lo_62e323d7-5708-49a6-b131-2527bb13f311.webp?v=1752211995,11,"",,,,,,,,,,,,,,,,,,,,,,,,,,,,,,,,,,,,,,,,,,,,,,,https://cdn.shopify.com/s/files/1/0707/7753/6680/files/Car_3rd_Red_Front_lo_959a6561-8fb0-4201-a282-038b9ea1b807.webp?v=1752211995,kg,,,,,,
carolina-hurricanes®,,,,,,,,,red,,,Third,,,Mini,,,0.0,shopify,deny,manual,29000.00,,true,true,,,,,"",,,,,,,,,,,,,,,,,,,,,,,,,,,,,,,,,,,,,,,,,,,,,,,,,,https://cdn.shopify.com/s/files/1/0707/7753/6680/files/Car_3rd_Red_Front_lo_959a6561-8fb0-4201-a282-038b9ea1b807.webp?v=1752211995,kg,,,,,,
carolina-hurricanes®,,,,,,,,,white,,,Home,,,Adult,,,0.0,shopify,deny,manual,29000.00,,true,true,,,,,"",,,,,,,,,,,,,,,,,,,,,,,,,,,,,,,,,,,,,,,,,,,,,,,,,,https://cdn.shopify.com/s/files/1/0707/7753/6680/files/CarHome_White_Front_lo_984be96c-fedf-47d7-9873-4123e25c0fd9.webp?v=1752211995,kg,,,,,,
carolina-hurricanes®,,,,,,,,,white,,,Home,,,Mini,,,0.0,shopify,deny,manual,29000.00,,true,true,,,,,"",,,,,,,,,,,,,,,,,,,,,,,,,,,,,,,,,,,,,,,,,,,,,,,,,,https://cdn.shopify.com/s/files/1/0707/7753/6680/files/CarHome_White_Front_lo_984be96c-fedf-47d7-9873-4123e25c0fd9.webp?v=1752211995,kg,,,,,,
carolina-hurricanes®,,,,,,,,,white,,,Away,,,Adult,,,0.0,shopify,deny,manual,29000.00,,true,true,,,,,"",,,,,,,,,,,,,,,,,,,,,,,,,,,,,,,,,,,,,,,,,,,,,,,,,,https://cdn.shopify.com/s/files/1/0707/7753/6680/files/Car_Away_White_Front_lo_62e323d7-5708-49a6-b131-2527bb13f311.webp?v=1752211995,kg,,,,,,
carolina-hurricanes®,,,,,,,,,white,,,Away,,,Mini,,,0.0,shopify,deny,manual,29000.00,,true,true,,,,,"",,,,,,,,,,,,,,,,,,,,,,,,,,,,,,,,,,,,,,,,,,,,,,,,,,https://cdn.shopify.com/s/files/1/0707/7753/6680/files/Car_Away_White_Front_lo_62e323d7-5708-49a6-b131-2527bb13f311.webp?v=1752211995,kg,,,,,,
carolina-hurricanes®,,,,,,,,,white,,,Third,,,Adult,,,0.0,shopify,deny,manual,29000.00,,true,true,,,,,"",,,,,,,,,,,,,,,,,,,,,,,,,,,,,,,,,,,,,,,,,,,,,,,,,,https://cdn.shopify.com/s/files/1/0707/7753/6680/files/Car_3rd_White_Front_lo_2c0483f2-7578-4848-9dcc-35aaf890c3bc.webp?v=1752211995,kg,,,,,,
carolina-hurricanes®,,,,,,,,,white,,,Third,,,Mini,,,0.0,shopify,deny,manual,29000.00,,true,true,,,,,"",,,,,,,,,,,,,,,,,,,,,,,,,,,,,,,,,,,,,,,,,,,,,,,,,,https://cdn.shopify.com/s/files/1/0707/7753/6680/files/Car_3rd_White_Front_lo_2c0483f2-7578-4848-9dcc-35aaf890c3bc.webp?v=1752211995,kg,,,,,,
calgary-flames®,Calgary Flames®,"",bahadur-startbit,Furniture > Outdoor Furniture > Outdoor Seating > Outdoor Chairs,"","",true,Title,Default Title,,,,,,,,"",0.0,shopify,deny,manual,29000.00,60000000.00,true,true,,,,,"",https://cdn.shopify.com/s/files/1/0707/7753/6680/files/c14.png?v=1750828270,1,"",false,,,,,,,,Delivered,🚚 Order within the next {{ countdown }} for delivery by {{ deliverydate }}.,Estimated arrival,Estimated dispatch,Order placed,,,,,,,,,,,,,,,,,,,,,,,,,,,,,,,,,,,kg,,,true,,,active
calgary-flames®,,,,,,,,,,,,,,,,,,,,,,,,,,,,,,,https://cdn.shopify.com/s/files/1/0707/7753/6680/files/c14.1.png?v=1750828269,2,ccc,,,,,,,,,,,,,,,,,,,,,,,,,,,,,,,,,,,,,,,,,,,,,,,,,,,,,,
buffalo-sabres®,Buffalo Sabres®,"",bahadur-startbit,Furniture > Outdoor Furniture > Outdoor Seating > Outdoor Chairs,"","",true,Title,Default Title,,,,,,,,"",0.0,shopify,deny,manual,29000.00,,true,true,,,,,"",https://cdn.shopify.com/s/files/1/0707/7753/6680/files/c13.png?v=1750828918,1,"",false,,,,,,,,Delivered,🚚 Order within the next {{ countdown }} for delivery by {{ deliverydate }}.,Estimated arrival,Estimated dispatch,Order placed,,,,,,,,,,,,,,,,,,,,,,,,,,,,,,,,,,,kg,,,true,,,active
buffalo-sabres®,,,,,,,,,,,,,,,,,,,,,,,,,,,,,,,https://cdn.shopify.com/s/files/1/0707/7753/6680/files/c13.13.png?v=1750828918,2,ccc,,,,,,,,,,,,,,,,,,,,,,,,,,,,,,,,,,,,,,,,,,,,,,,,,,,,,,
boston-bruins®,Boston Bruins®,"",bahadur-startbit,Arts & Entertainment > Hobbies & Creative Arts > Collectibles > Sports Collectibles > Sports Fan Accessories > Jerseys,"","",true,Title,Default Title,,,,,,,,"",0.0,shopify,deny,manual,29000.00,,true,true,,,,,"",https://cdn.shopify.com/s/files/1/0707/7753/6680/files/c12.png?v=1750828048,1,"",false,,,,boston-bruins®-1,custom-product-gnlk4okk,,,Delivered,🚚 Order within the next {{ countdown }} for delivery by {{ deliverydate }}.,Estimated arrival,Estimated dispatch,Order placed,,,,,,,,,,,,,,,,,,,,,,,,,,,,,,,,,,,kg,,,true,,,active
boston-bruins®,,,,,,,,,,,,,,,,,,,,,,,,,,,,,,,https://cdn.shopify.com/s/files/1/0707/7753/6680/files/c12.22.png?v=1750828048,2,ccc,,,,,,,,,,,,,,,,,,,,,,,,,,,,,,,,,,,,,,,,,,,,,,,,,,,,,,
anaheim-ducks®,Anaheim Ducks®,"",bahadur-startbit,Furniture > Chairs > Folding Chairs & Stools > Folding Chairs,"","",true,Title,Default Title,,,,,,,,"",0.0,shopify,deny,manual,29000.00,,true,true,,,,,"",https://cdn.shopify.com/s/files/1/0707/7753/6680/files/Ana_Home_Black_Front_lo_1024x_53be85b7-3dd7-4bff-ae48-7ec4e1934700.webp?v=1752211132,1,"",false,,,,anaheim-ducks®-1,custom-product-bx3ux8r6,,,Delivered,🚚 Order within the next {{ countdown }} for delivery by {{ deliverydate }}.,Estimated arrival,Estimated dispatch,Order placed,,,,,,,,,,,,,,,,,,,,,,,,,,,,,,,,,,,kg,,,true,,,active
anaheim-ducks®,,,,,,,,,,,,,,,,,,,,,,,,,,,,,,,https://cdn.shopify.com/s/files/1/0707/7753/6680/files/Ana_Home_Black_Back_lo_large_2cb91289-b869-42d8-a2d0-2c02bf07127f.webp?v=1752211132,2,ccc,,,,,,,,,,,,,,,,,,,,,,,,,,,,,,,,,,,,,,,,,,,,,,,,,,,,,,
shop-nhal-1,SHOP NHAL,"",bahadur-startbit,Furniture > Outdoor Furniture > Outdoor Seating > Outdoor Chairs,"","",true,Title,Default Title,,,,,,,,"",0.0,shopify,deny,manual,0.00,,true,true,,,,,"",https://cdn.shopify.com/s/files/1/0707/7753/6680/files/Ana_Home_Black_Front_lo_c921ab7a-5c98-4639-bc47-e5b0e57eebcb.webp?v=1750225154,1,"",false,,,,,,,,Delivered,🚚 Order within the next {{ countdown }} for delivery by {{ deliverydate }}.,Estimated arrival,Estimated dispatch,Order placed,,,,,,,,,,,,,,,,,,,,,,,,,,,,,,,,,,,kg,,,true,,,active
shop-nfl,Shop NFL,"",bahadur-startbit,Furniture > Outdoor Furniture > Outdoor Seating > Outdoor Chairs,"","",true,Title,Default Title,,,,,,,,"",0.0,shopify,deny,manual,0.00,,true,true,,,,,"",https://cdn.shopify.com/s/files/1/0707/7753/6680/files/Bos_Home_Black_Front_lo.webp?v=1750225107,1,"",false,,,,,,,,Delivered,🚚 Order within the next {{ countdown }} for delivery by {{ deliverydate }}.,Estimated arrival,Estimated dispatch,Order placed,,,,,,,,,,,,,,,,,,,,,,,,,,,,,,,,,,,kg,,,true,,,active
shop-cfl-1,Shop CFL,"",bahadur-startbit,Furniture > Outdoor Furniture > Outdoor Seating > Outdoor Chairs,"","",true,Title,Default Title,,,,,,,,"",0.0,shopify,deny,manual,0.00,,true,true,,,,,"",https://cdn.shopify.com/s/files/1/0707/7753/6680/files/Buf_Home_Blue_Front_lo_6fc746bc-5fbc-4061-87c9-d21b1e9a549c.webp?v=1750225063,1,"",false,,,,,,,,Delivered,🚚 Order within the next {{ countdown }} for delivery by {{ deliverydate }}.,Estimated arrival,Estimated dispatch,Order placed,,,,,,,,,,,,,,,,,,,,,,,,,,,,,,,,,,,kg,,,true,,,active
mlb,MLB,"",bahadur-startbit,Uncategorized,"","",true,Title,Default Title,,,,,,,,"",0.0,shopify,deny,manual,0.00,,true,true,,,,,"",https://cdn.shopify.com/s/files/1/0707/7753/6680/files/c6.jpg?v=1749812270,1,"",false,,,,,,,,Delivered,🚚 Order within the next {{ countdown }} for delivery by {{ deliverydate }}.,Estimated arrival,Estimated dispatch,Order placed,,,,,,,,,,,,,,,,,,,,,,,,,,,,,,,,,,,kg,,,true,,,active
nfl,NFL,"",bahadur-startbit,Uncategorized,"","",true,Title,Default Title,,,,,,,,"",0.0,shopify,deny,manual,0.00,,true,true,,,,,"",https://cdn.shopify.com/s/files/1/0707/7753/6680/files/c5.jpg?v=1749812220,1,"",false,,,,,,,,Delivered,🚚 Order within the next {{ countdown }} for delivery by {{ deliverydate }}.,Estimated arrival,Estimated dispatch,Order placed,,,,,,,,,,,,,,,,,,,,,,,,,,,,,,,,,,,kg,,,true,,,active
shop-lifestyle,Shop LIFESTYLE,"",bahadur-startbit,Uncategorized,"","",true,Title,Default Title,,,,,,,,"",0.0,shopify,deny,manual,0.00,,true,true,,,,,"",https://cdn.shopify.com/s/files/1/0707/7753/6680/files/c4.jpg?v=1749812159,1,"",false,,,,,,,,Delivered,🚚 Order within the next {{ countdown }} for delivery by {{ deliverydate }}.,Estimated arrival,Estimated dispatch,Order placed,,,,,,,,,,,,,,,,,,,,,,,,,,,,,,,,,,,kg,,,true,,,active
shop-nhal,Shop NHAL,"",bahadur-startbit,Furniture > Outdoor Furniture > Outdoor Seating > Outdoor Chairs,"","",true,Title,Default Title,,,,,,,,"",0.0,shopify,deny,manual,0.00,,true,true,,,,,"",https://cdn.shopify.com/s/files/1/0707/7753/6680/files/c3.jpg?v=1749812095,1,"",false,,,,,,,,Delivered,🚚 Order within the next {{ countdown }} for delivery by {{ deliverydate }}.,Estimated arrival,Estimated dispatch,Order placed,,,,,,,,,,,,,,,,,,,,,,,,,,,,,,,,,,,kg,,,true,,,active
shop-ncaa,Shop NCAA,"<p>Experience superior comfort and support with the Shop NCAA sport chair, designed for enthusiasts who demand durability and ergonomic seating. Its sturdy construction ensures long-lasting use, while the ergonomic design promotes proper posture during extended periods of sitting. Ideal for game days, outdoor events, or casual use, this chair combines functionality with expert craftsmanship to enhance your seating experience.</p>",bahadur-startbit,Furniture > Outdoor Furniture > Outdoor Seating > Outdoor Chairs,"","",true,Title,Default Title,,,,,,,,"",0.0,shopify,deny,manual,0.00,,true,true,,,,,"",https://cdn.shopify.com/s/files/1/0707/7753/6680/files/c2.jpg?v=1749812018,1,"",false,,,,,,,,Delivered,🚚 Order within the next {{ countdown }} for delivery by {{ deliverydate }}.,Estimated arrival,Estimated dispatch,Order placed,,,,,,,,,,upholstered-padded,,,,,red,,,wood; metal,,,solid,upholstered-padded,,,,,,,,,,,,,kg,,,true,,,active
shop-cfl,Shop CFL,"<p>Shop CFL support chairs are designed to provide reliable stability and comfort for various settings. Engineered with durable materials, these chairs offer excellent support to enhance posture and reduce fatigue during extended use. Ideal for both professional and personal environments, they combine functionality with ergonomic design to meet high standards of quality and performance.</p>",bahadur-startbit,"Furniture > Chairs > Armchairs, Recliners & Sleeper Chairs > Armchairs","","",true,Title,Default Title,,,,,,,,"",1000.0,shopify,deny,manual,0.00,,true,true,,,,,"",https://cdn.shopify.com/s/files/1/0707/7753/6680/files/c1.jpg?v=1749811902,1,"",false,,,,,,,,Delivered,🚚 Order within the next {{ countdown }} for delivery by {{ deliverydate }}.,Estimated arrival,Estimated dispatch,Order placed,,,,,,,,,,hard,,,,,black,,,,,,,hard,,,,,,,,,,,,,kg,,,true,,,active
tttghfhgjkjl,tttghfhgjkjl,"",bahadur-startbit,Baby & Toddler,"","",true,Title,Default Title,,,,,,,,"",0.0,shopify,deny,manual,1200.00,2000.00,true,true,,,,,"",https://cdn.shopify.com/s/files/1/0707/7753/6680/files/mens-fashion-man-in-shirt-and-jeans-leaning-on-bicycle.jpg?v=1748845916,1,"",false,,,,,,,,Delivered,🚚 Order within the next {{ countdown }} for delivery by {{ deliverydate }}.,Estimated arrival,Estimated dispatch,Order placed,,,,,,,,,,,,,,,,,,,,,,,,,,,,,,,,,,,kg,,,true,,,active
womens-suit,Women's suit,"<p>Expertly tailored women's suit designed for professional settings. Features precision stitching, premium fabric blend, and modern silhouette that transitions seamlessly from boardroom to evening events. Structured shoulders and contoured waistline create a flattering, polished appearance while maintaining comfort throughout the day.</p>",bahadur-startbit,Apparel & Accessories > Clothing > Suits,"","",true,Color,black,product.metafields.shopify.color-pattern,Size,l,product.metafields.shopify.size,Fabric,cotton,product.metafields.shopify.fabric,600,1500.0,shopify,deny,manual,5000.00,3000.00,true,true,,,,,"",https://cdn.shopify.com/s/files/1/0707/7753/6680/files/wgreen.jpg?v=1748514633,1,"",false,,,,,,,5 days,Delivered,🚚 Order within the next {{ countdown }} for delivery by {{ deliverydate }}.,Estimated arrival,Estimated dispatch,Order placed,,hakeffk,,,,,,,adults,,,,,,black; green,cotton; bamboo,,,,,,,,,l; m; xl,,female,,,,,,,https://cdn.shopify.com/s/files/1/0707/7753/6680/files/wtblue.jpg?v=1748514633,kg,,2500.00,true,,,active
womens-suit,,,,,,,,,black,,,l,,,bamboo,,601,1500.0,shopify,deny,manual,5000.00,3000.00,true,true,,,,,"",https://cdn.shopify.com/s/files/1/0707/7753/6680/files/wtblue.jpg?v=1748514633,2,"",,,,,,,,,,,,,,,,,,,,,,,,,,,,,,,,,,,,,,,,,,,,,,,https://cdn.shopify.com/s/files/1/0707/7753/6680/files/wtblue.jpg?v=1748514633,kg,,2500.00,,,,
womens-suit,,,,,,,,,black,,,m,,,cotton,,602,1500.0,shopify,deny,manual,5000.00,3000.00,true,true,,,,,"",,,,,,,,,,,,,,,,,,,,,,,,,,,,,,,,,,,,,,,,,,,,,,,,,,https://cdn.shopify.com/s/files/1/0707/7753/6680/files/wtblue.jpg?v=1748514633,kg,,2500.00,,,,
womens-suit,,,,,,,,,black,,,m,,,bamboo,,603,1500.0,shopify,deny,manual,5000.00,3000.00,true,true,,,,,"",,,,,,,,,,,,,,,,,,,,,,,,,,,,,,,,,,,,,,,,,,,,,,,,,,https://cdn.shopify.com/s/files/1/0707/7753/6680/files/wtblue.jpg?v=1748514633,kg,,2500.00,,,,
womens-suit,,,,,,,,,black,,,xl,,,cotton,,604,1500.0,shopify,deny,manual,5000.00,3000.00,true,true,,,,,"",,,,,,,,,,,,,,,,,,,,,,,,,,,,,,,,,,,,,,,,,,,,,,,,,,https://cdn.shopify.com/s/files/1/0707/7753/6680/files/wtblue.jpg?v=1748514633,kg,,2500.00,,,,
womens-suit,,,,,,,,,black,,,xl,,,bamboo,,605,1500.0,shopify,deny,manual,5000.00,3000.00,true,true,,,,,"",,,,,,,,,,,,,,,,,,,,,,,,,,,,,,,,,,,,,,,,,,,,,,,,,,https://cdn.shopify.com/s/files/1/0707/7753/6680/files/wtblue.jpg?v=1748514633,kg,,2500.00,,,,
womens-suit,,,,,,,,,green,,,l,,,cotton,,606,1500.0,shopify,deny,manual,5000.00,3000.00,true,true,,,,,"",,,,,,,,,,,,,,,,,,,,,,,,,,,,,,,,,,,,,,,,,,,,,,,,,,https://cdn.shopify.com/s/files/1/0707/7753/6680/files/wgreen.jpg?v=1748514633,kg,,2500.00,,,,
womens-suit,,,,,,,,,green,,,l,,,bamboo,,607,1500.0,shopify,deny,manual,5000.00,3000.00,true,true,,,,,"",,,,,,,,,,,,,,,,,,,,,,,,,,,,,,,,,,,,,,,,,,,,,,,,,,https://cdn.shopify.com/s/files/1/0707/7753/6680/files/wgreen.jpg?v=1748514633,kg,,2500.00,,,,
womens-suit,,,,,,,,,green,,,m,,,cotton,,608,1500.0,shopify,deny,manual,5000.00,3000.00,true,true,,,,,"",,,,,,,,,,,,,,,,,,,,,,,,,,,,,,,,,,,,,,,,,,,,,,,,,,https://cdn.shopify.com/s/files/1/0707/7753/6680/files/wgreen.jpg?v=1748514633,kg,,2500.00,,,,
womens-suit,,,,,,,,,green,,,m,,,bamboo,,609,1500.0,shopify,deny,manual,5000.00,3000.00,true,true,,,,,"",,,,,,,,,,,,,,,,,,,,,,,,,,,,,,,,,,,,,,,,,,,,,,,,,,https://cdn.shopify.com/s/files/1/0707/7753/6680/files/wgreen.jpg?v=1748514633,kg,,2500.00,,,,
womens-suit,,,,,,,,,green,,,xl,,,cotton,,610,1500.0,shopify,deny,manual,5000.00,3000.00,true,true,,,,,"",,,,,,,,,,,,,,,,,,,,,,,,,,,,,,,,,,,,,,,,,,,,,,,,,,https://cdn.shopify.com/s/files/1/0707/7753/6680/files/wgreen.jpg?v=1748514633,kg,,2500.00,,,,
womens-suit,,,,,,,,,green,,,xl,,,bamboo,,611,1500.0,shopify,deny,manual,5000.00,3000.00,true,true,,,,,"",,,,,,,,,,,,,,,,,,,,,,,,,,,,,,,,,,,,,,,,,,,,,,,,,,https://cdn.shopify.com/s/files/1/0707/7753/6680/files/wgreen.jpg?v=1748514633,kg,,2500.00,,,,
womens-watch,Women's watch,"<p>Precision-engineered women's timepiece featuring elegant design elements and reliable quartz movement. Balances sophisticated aesthetics with practical functionality, making it suitable for both professional settings and social occasions. Water-resistant construction ensures durability for everyday wear.</p>",bahadur-startbit,Apparel & Accessories > Jewelry > Watches,"","",true,Band color,beige,product.metafields.shopify.band-color,Watch material,canvas,product.metafields.shopify.watch-material,Case color,yellow,product.metafields.shopify.case-color,900,100.0,shopify,deny,manual,8000.00,10000.00,true,true,,,,,"",https://cdn.shopify.com/s/files/1/0707/7753/6680/files/blue.jpg?v=1748514477,1,"",false,,,,,,,,Delivered,🚚 Order within the next {{ countdown }} for delivery by {{ deliverydate }}.,Estimated arrival,Estimated dispatch,Order placed,,,,,,,,,adults,,beige; black; blue,,yellow; black; blue,,,,,,,,,,,,,,female,,analog,quartz-movement; waterproof,canvas; leather; mesh,,,https://cdn.shopify.com/s/files/1/0707/7753/6680/files/black.jpg?v=1748514477,g,,7000.00,true,,,active
womens-watch,,,,,,,,,beige,,,leather,,,yellow,,903,100.0,shopify,deny,manual,8000.00,10000.00,true,true,,,,,"",https://cdn.shopify.com/s/files/1/0707/7753/6680/files/black.jpg?v=1748514477,2,"",,,,,,,,,,,,,,,,,,,,,,,,,,,,,,,,,,,,,,,,,,,,,,,https://cdn.shopify.com/s/files/1/0707/7753/6680/files/gold.jpg?v=1748514477,g,,7000.00,,,,
womens-watch,,,,,,,,,beige,,,mesh,,,yellow,,906,100.0,shopify,deny,manual,8000.00,10000.00,true,true,,,,,"",https://cdn.shopify.com/s/files/1/0707/7753/6680/files/gold.jpg?v=1748514477,3,"",,,,,,,,,,,,,,,,,,,,,,,,,,,,,,,,,,,,,,,,,,,,,,,https://cdn.shopify.com/s/files/1/0707/7753/6680/files/blue.jpg?v=1748514477,g,,7000.00,,,,
womens-watch,,,,,,,,,black,,,canvas,,,yellow,,909,100.0,shopify,deny,manual,8000.00,10000.00,true,true,,,,,"",,,,,,,,,,,,,,,,,,,,,,,,,,,,,,,,,,,,,,,,,,,,,,,,,,https://cdn.shopify.com/s/files/1/0707/7753/6680/files/black.jpg?v=1748514477,g,,7000.00,,,,
womens-watch,,,,,,,,,black,,,leather,,,yellow,,912,100.0,shopify,deny,manual,8000.00,10000.00,true,true,,,,,"",,,,,,,,,,,,,,,,,,,,,,,,,,,,,,,,,,,,,,,,,,,,,,,,,,https://cdn.shopify.com/s/files/1/0707/7753/6680/files/black.jpg?v=1748514477,g,,7000.00,,,,
womens-watch,,,,,,,,,black,,,mesh,,,yellow,,915,100.0,shopify,deny,manual,8000.00,10000.00,true,true,,,,,"",,,,,,,,,,,,,,,,,,,,,,,,,,,,,,,,,,,,,,,,,,,,,,,,,,https://cdn.shopify.com/s/files/1/0707/7753/6680/files/blue.jpg?v=1748514477,g,,7000.00,,,,
womens-watch,,,,,,,,,blue,,,canvas,,,yellow,,918,100.0,shopify,deny,manual,8000.00,10000.00,true,true,,,,,"",,,,,,,,,,,,,,,,,,,,,,,,,,,,,,,,,,,,,,,,,,,,,,,,,,https://cdn.shopify.com/s/files/1/0707/7753/6680/files/black.jpg?v=1748514477,g,,7000.00,,,,
womens-watch,,,,,,,,,blue,,,leather,,,yellow,,921,100.0,shopify,deny,manual,8000.00,10000.00,true,true,,,,,"",,,,,,,,,,,,,,,,,,,,,,,,,,,,,,,,,,,,,,,,,,,,,,,,,,https://cdn.shopify.com/s/files/1/0707/7753/6680/files/blue.jpg?v=1748514477,g,,7000.00,,,,
womens-watch,,,,,,,,,blue,,,mesh,,,yellow,,924,100.0,shopify,deny,manual,8000.00,10000.00,true,true,,,,,"",,,,,,,,,,,,,,,,,,,,,,,,,,,,,,,,,,,,,,,,,,,,,,,,,,https://cdn.shopify.com/s/files/1/0707/7753/6680/files/blue.jpg?v=1748514477,g,,7000.00,,,,
kids-trouser,Kid's Trouser,"<p>Expertly crafted children's trousers designed for durability and comfort. Made with high-quality materials that withstand active play while maintaining shape after multiple washes. Features an adjustable waistband to accommodate growth, reinforced knees, and practical pockets for small treasures.</p>",bahadur-startbit,Apparel & Accessories > Clothing > Pants > Trousers,"","",true,Color,red,product.metafields.shopify.color-pattern,Age group,1-2-years,product.metafields.shopify.age-group,Fabric,polyester,product.metafields.shopify.fabric,9020,300.0,shopify,deny,manual,500.00,1000.00,true,true,,,,,"",https://cdn.shopify.com/s/files/1/0707/7753/6680/files/blackt.jpg?v=1748514203,1,"",false,,,,,,,,Delivered,🚚 Order within the next {{ countdown }} for delivery by {{ deliverydate }}.,Estimated arrival,Estimated dispatch,Order placed,,,,,,,,,1-2-years; 6-12-months; 0-6-months,,,,,,red; blue; black,polyester; cotton; angora,,,,,,,,,,,,,,,,,,https://cdn.shopify.com/s/files/1/0707/7753/6680/files/redt.jpg?v=1748514203,g,,200.00,true,,,active
kids-trouser,,,,,,,,,red,,,1-2-years,,,cotton,,9021,300.0,shopify,deny,manual,500.00,1000.00,true,true,,,,,"",https://cdn.shopify.com/s/files/1/0707/7753/6680/files/bluet.jpg?v=1748514203,2,"",,,,,,,,,,,,,,,,,,,,,,,,,,,,,,,,,,,,,,,,,,,,,,,https://cdn.shopify.com/s/files/1/0707/7753/6680/files/bluet.jpg?v=1748514203,g,,200.00,,,,
kids-trouser,,,,,,,,,red,,,1-2-years,,,angora,,9022,300.0,shopify,deny,manual,500.00,1000.00,true,true,,,,,"",https://cdn.shopify.com/s/files/1/0707/7753/6680/files/redt.jpg?v=1748514203,3,"",,,,,,,,,,,,,,,,,,,,,,,,,,,,,,,,,,,,,,,,,,,,,,,https://cdn.shopify.com/s/files/1/0707/7753/6680/files/redt.jpg?v=1748514203,g,,200.00,,,,
kids-trouser,,,,,,,,,red,,,6-12-months,,,polyester,,9023,300.0,shopify,deny,manual,500.00,1000.00,true,true,,,,,"",,,,,,,,,,,,,,,,,,,,,,,,,,,,,,,,,,,,,,,,,,,,,,,,,,https://cdn.shopify.com/s/files/1/0707/7753/6680/files/bluet.jpg?v=1748514203,g,,200.00,,,,
kids-trouser,,,,,,,,,red,,,6-12-months,,,cotton,,9024,300.0,shopify,deny,manual,500.00,1000.00,true,true,,,,,"",,,,,,,,,,,,,,,,,,,,,,,,,,,,,,,,,,,,,,,,,,,,,,,,,,https://cdn.shopify.com/s/files/1/0707/7753/6680/files/bluet.jpg?v=1748514203,g,,200.00,,,,
kids-trouser,,,,,,,,,red,,,6-12-months,,,angora,,9025,300.0,shopify,deny,manual,500.00,1000.00,true,true,,,,,"",,,,,,,,,,,,,,,,,,,,,,,,,,,,,,,,,,,,,,,,,,,,,,,,,,https://cdn.shopify.com/s/files/1/0707/7753/6680/files/bluet.jpg?v=1748514203,g,,200.00,,,,
kids-trouser,,,,,,,,,red,,,0-6-months,,,polyester,,9026,300.0,shopify,deny,manual,500.00,1000.00,true,true,,,,,"",,,,,,,,,,,,,,,,,,,,,,,,,,,,,,,,,,,,,,,,,,,,,,,,,,https://cdn.shopify.com/s/files/1/0707/7753/6680/files/blackt.jpg?v=1748514203,g,,200.00,,,,
kids-trouser,,,,,,,,,red,,,0-6-months,,,cotton,,9027,300.0,shopify,deny,manual,500.00,1000.00,true,true,,,,,"",,,,,,,,,,,,,,,,,,,,,,,,,,,,,,,,,,,,,,,,,,,,,,,,,,https://cdn.shopify.com/s/files/1/0707/7753/6680/files/bluet.jpg?v=1748514203,g,,200.00,,,,
kids-trouser,,,,,,,,,red,,,0-6-months,,,angora,,9028,300.0,shopify,deny,manual,500.00,1000.00,true,true,,,,,"",,,,,,,,,,,,,,,,,,,,,,,,,,,,,,,,,,,,,,,,,,,,,,,,,,https://cdn.shopify.com/s/files/1/0707/7753/6680/files/blackt.jpg?v=1748514203,g,,200.00,,,,
kids-trouser,,,,,,,,,blue,,,1-2-years,,,polyester,,9029,300.0,shopify,deny,manual,500.00,1000.00,true,true,,,,,"",,,,,,,,,,,,,,,,,,,,,,,,,,,,,,,,,,,,,,,,,,,,,,,,,,https://cdn.shopify.com/s/files/1/0707/7753/6680/files/bluet.jpg?v=1748514203,g,,200.00,,,,
kids-trouser,,,,,,,,,blue,,,1-2-years,,,cotton,,9030,300.0,shopify,deny,manual,500.00,1000.00,true,true,,,,,"",,,,,,,,,,,,,,,,,,,,,,,,,,,,,,,,,,,,,,,,,,,,,,,,,,https://cdn.shopify.com/s/files/1/0707/7753/6680/files/bluet.jpg?v=1748514203,g,,200.00,,,,
kids-trouser,,,,,,,,,blue,,,1-2-years,,,angora,,9031,300.0,shopify,deny,manual,500.00,1000.00,true,true,,,,,"",,,,,,,,,,,,,,,,,,,,,,,,,,,,,,,,,,,,,,,,,,,,,,,,,,https://cdn.shopify.com/s/files/1/0707/7753/6680/files/bluet.jpg?v=1748514203,g,,200.00,,,,
kids-trouser,,,,,,,,,blue,,,6-12-months,,,polyester,,9032,300.0,shopify,deny,manual,500.00,1000.00,true,true,,,,,"",,,,,,,,,,,,,,,,,,,,,,,,,,,,,,,,,,,,,,,,,,,,,,,,,,https://cdn.shopify.com/s/files/1/0707/7753/6680/files/bluet.jpg?v=1748514203,g,,200.00,,,,
kids-trouser,,,,,,,,,blue,,,6-12-months,,,cotton,,9033,300.0,shopify,deny,manual,500.00,1000.00,true,true,,,,,"",,,,,,,,,,,,,,,,,,,,,,,,,,,,,,,,,,,,,,,,,,,,,,,,,,https://cdn.shopify.com/s/files/1/0707/7753/6680/files/bluet.jpg?v=1748514203,g,,200.00,,,,
kids-trouser,,,,,,,,,blue,,,6-12-months,,,angora,,9034,300.0,shopify,deny,manual,500.00,1000.00,true,true,,,,,"",,,,,,,,,,,,,,,,,,,,,,,,,,,,,,,,,,,,,,,,,,,,,,,,,,https://cdn.shopify.com/s/files/1/0707/7753/6680/files/bluet.jpg?v=1748514203,g,,200.00,,,,
kids-trouser,,,,,,,,,blue,,,0-6-months,,,polyester,,9035,300.0,shopify,deny,manual,500.00,1000.00,true,true,,,,,"",,,,,,,,,,,,,,,,,,,,,,,,,,,,,,,,,,,,,,,,,,,,,,,,,,https://cdn.shopify.com/s/files/1/0707/7753/6680/files/blackt.jpg?v=1748514203,g,,200.00,,,,
kids-trouser,,,,,,,,,blue,,,0-6-months,,,cotton,,9036,300.0,shopify,deny,manual,500.00,1000.00,true,true,,,,,"",,,,,,,,,,,,,,,,,,,,,,,,,,,,,,,,,,,,,,,,,,,,,,,,,,https://cdn.shopify.com/s/files/1/0707/7753/6680/files/bluet.jpg?v=1748514203,g,,200.00,,,,
kids-trouser,,,,,,,,,blue,,,0-6-months,,,angora,,9037,300.0,shopify,deny,manual,500.00,1000.00,true,true,,,,,"",,,,,,,,,,,,,,,,,,,,,,,,,,,,,,,,,,,,,,,,,,,,,,,,,,https://cdn.shopify.com/s/files/1/0707/7753/6680/files/blackt.jpg?v=1748514203,g,,200.00,,,,
kids-trouser,,,,,,,,,black,,,1-2-years,,,polyester,,9038,300.0,shopify,deny,manual,500.00,1000.00,true,true,,,,,"",,,,,,,,,,,,,,,,,,,,,,,,,,,,,,,,,,,,,,,,,,,,,,,,,,https://cdn.shopify.com/s/files/1/0707/7753/6680/files/blackt.jpg?v=1748514203,g,,200.00,,,,
kids-trouser,,,,,,,,,black,,,1-2-years,,,cotton,,9039,300.0,shopify,deny,manual,500.00,1000.00,true,true,,,,,"",,,,,,,,,,,,,,,,,,,,,,,,,,,,,,,,,,,,,,,,,,,,,,,,,,https://cdn.shopify.com/s/files/1/0707/7753/6680/files/bluet.jpg?v=1748514203,g,,200.00,,,,
kids-trouser,,,,,,,,,black,,,1-2-years,,,angora,,9040,300.0,shopify,deny,manual,500.00,1000.00,true,true,,,,,"",,,,,,,,,,,,,,,,,,,,,,,,,,,,,,,,,,,,,,,,,,,,,,,,,,https://cdn.shopify.com/s/files/1/0707/7753/6680/files/blackt.jpg?v=1748514203,g,,200.00,,,,
kids-trouser,,,,,,,,,black,,,6-12-months,,,polyester,,9041,300.0,shopify,deny,manual,500.00,1000.00,true,true,,,,,"",,,,,,,,,,,,,,,,,,,,,,,,,,,,,,,,,,,,,,,,,,,,,,,,,,https://cdn.shopify.com/s/files/1/0707/7753/6680/files/bluet.jpg?v=1748514203,g,,200.00,,,,
kids-trouser,,,,,,,,,black,,,6-12-months,,,cotton,,9042,300.0,shopify,deny,manual,500.00,1000.00,true,true,,,,,"",,,,,,,,,,,,,,,,,,,,,,,,,,,,,,,,,,,,,,,,,,,,,,,,,,https://cdn.shopify.com/s/files/1/0707/7753/6680/files/bluet.jpg?v=1748514203,g,,200.00,,,,
kids-trouser,,,,,,,,,black,,,6-12-months,,,angora,,9043,300.0,shopify,deny,manual,500.00,1000.00,true,true,,,,,"",,,,,,,,,,,,,,,,,,,,,,,,,,,,,,,,,,,,,,,,,,,,,,,,,,https://cdn.shopify.com/s/files/1/0707/7753/6680/files/bluet.jpg?v=1748514203,g,,200.00,,,,
kids-trouser,,,,,,,,,black,,,0-6-months,,,polyester,,9044,300.0,shopify,deny,manual,500.00,1000.00,true,true,,,,,"",,,,,,,,,,,,,,,,,,,,,,,,,,,,,,,,,,,,,,,,,,,,,,,,,,https://cdn.shopify.com/s/files/1/0707/7753/6680/files/blackt.jpg?v=1748514203,g,,200.00,,,,
kids-trouser,,,,,,,,,black,,,0-6-months,,,cotton,,9045,300.0,shopify,deny,manual,500.00,1000.00,true,true,,,,,"",,,,,,,,,,,,,,,,,,,,,,,,,,,,,,,,,,,,,,,,,,,,,,,,,,https://cdn.shopify.com/s/files/1/0707/7753/6680/files/bluet.jpg?v=1748514203,g,,200.00,,,,
kids-trouser,,,,,,,,,black,,,0-6-months,,,angora,,9046,300.0,shopify,deny,manual,500.00,1000.00,true,true,,,,,"",,,,,,,,,,,,,,,,,,,,,,,,,,,,,,,,,,,,,,,,,,,,,,,,,,https://cdn.shopify.com/s/files/1/0707/7753/6680/files/blackt.jpg?v=1748514203,g,,200.00,,,,
kids-cap,Kid's Cap,"<p>Designed with durability and comfort in mind, this Kid's Cap offers superior sun protection while maintaining breathability. The adjustable strap ensures a secure fit as your child grows, making it a practical accessory for outdoor activities, sports, or casual wear. Constructed from quality materials that withstand active play.</p>",bahadur-startbit,Apparel & Accessories > Clothing Accessories > Hats > Baseball Caps,"","",true,Color,red,product.metafields.shopify.color-pattern,Fabric,cotton,product.metafields.shopify.fabric,Age group,1-2-years,product.metafields.shopify.age-group,230,100.0,shopify,deny,manual,200000.00,300.00,true,true,,,,,"",https://cdn.shopify.com/s/files/1/0707/7753/6680/files/capred.jpg?v=1748513993,1,"",false,,,,,,,,Delivered,🚚 Order within the next {{ countdown }} for delivery by {{ deliverydate }}.,Estimated arrival,Estimated dispatch,Order placed,,,,,,,,,1-2-years; 6-12-months; 0-6-months,,,,,,red; green; beige,cotton; bamboo; polyester,,,adjustable-fit; uv-protection,,,,,,,,unisex,,,,,,,https://cdn.shopify.com/s/files/1/0707/7753/6680/files/capgreen.jpg?v=1748513993,g,,150.00,true,,,active
kids-cap,,,,,,,,,red,,,cotton,,,6-12-months,,231,100.0,shopify,deny,manual,200000.00,300.00,true,true,,,,,"",https://cdn.shopify.com/s/files/1/0707/7753/6680/files/capgreen.jpg?v=1748513993,2,"",,,,,,,,,,,,,,,,,,,,,,,,,,,,,,,,,,,,,,,,,,,,,,,https://cdn.shopify.com/s/files/1/0707/7753/6680/files/capgreen.jpg?v=1748513993,g,,150.00,,,,
kids-cap,,,,,,,,,red,,,cotton,,,0-6-months,,232,100.0,shopify,deny,manual,200000.00,300.00,true,true,,,,,"",https://cdn.shopify.com/s/files/1/0707/7753/6680/files/capmicky.jpg?v=1748513993,3,"",,,,,,,,,,,,,,,,,,,,,,,,,,,,,,,,,,,,,,,,,,,,,,,https://cdn.shopify.com/s/files/1/0707/7753/6680/files/capgreen.jpg?v=1748513993,g,,150.00,,,,
kids-cap,,,,,,,,,red,,,bamboo,,,1-2-years,,233,100.0,shopify,deny,manual,200000.00,300.00,true,true,,,,,"",,,,,,,,,,,,,,,,,,,,,,,,,,,,,,,,,,,,,,,,,,,,,,,,,,https://cdn.shopify.com/s/files/1/0707/7753/6680/files/capred.jpg?v=1748513993,g,,150.00,,,,
kids-cap,,,,,,,,,red,,,bamboo,,,6-12-months,,234,100.0,shopify,deny,manual,200000.00,300.00,true,true,,,,,"",,,,,,,,,,,,,,,,,,,,,,,,,,,,,,,,,,,,,,,,,,,,,,,,,,https://cdn.shopify.com/s/files/1/0707/7753/6680/files/capred.jpg?v=1748513993,g,,150.00,,,,
kids-cap,,,,,,,,,red,,,bamboo,,,0-6-months,,235,100.0,shopify,deny,manual,200000.00,300.00,true,true,,,,,"",,,,,,,,,,,,,,,,,,,,,,,,,,,,,,,,,,,,,,,,,,,,,,,,,,https://cdn.shopify.com/s/files/1/0707/7753/6680/files/capred.jpg?v=1748513993,g,,150.00,,,,
kids-cap,,,,,,,,,red,,,polyester,,,1-2-years,,236,100.0,shopify,deny,manual,200000.00,300.00,true,true,,,,,"",,,,,,,,,,,,,,,,,,,,,,,,,,,,,,,,,,,,,,,,,,,,,,,,,,https://cdn.shopify.com/s/files/1/0707/7753/6680/files/capmicky.jpg?v=1748513993,g,,150.00,,,,
kids-cap,,,,,,,,,red,,,polyester,,,6-12-months,,237,100.0,shopify,deny,manual,200000.00,300.00,true,true,,,,,"",,,,,,,,,,,,,,,,,,,,,,,,,,,,,,,,,,,,,,,,,,,,,,,,,,https://cdn.shopify.com/s/files/1/0707/7753/6680/files/capmicky.jpg?v=1748513993,g,,150.00,,,,
kids-cap,,,,,,,,,red,,,polyester,,,0-6-months,,238,100.0,shopify,deny,manual,200000.00,300.00,true,true,,,,,"",,,,,,,,,,,,,,,,,,,,,,,,,,,,,,,,,,,,,,,,,,,,,,,,,,https://cdn.shopify.com/s/files/1/0707/7753/6680/files/capmicky.jpg?v=1748513993,g,,150.00,,,,
kids-cap,,,,,,,,,green,,,cotton,,,1-2-years,,239,100.0,shopify,deny,manual,200000.00,300.00,true,true,,,,,"",,,,,,,,,,,,,,,,,,,,,,,,,,,,,,,,,,,,,,,,,,,,,,,,,,https://cdn.shopify.com/s/files/1/0707/7753/6680/files/capgreen.jpg?v=1748513993,g,,150.00,,,,
kids-cap,,,,,,,,,green,,,cotton,,,6-12-months,,240,100.0,shopify,deny,manual,200000.00,300.00,true,true,,,,,"",,,,,,,,,,,,,,,,,,,,,,,,,,,,,,,,,,,,,,,,,,,,,,,,,,https://cdn.shopify.com/s/files/1/0707/7753/6680/files/capgreen.jpg?v=1748513993,g,,150.00,,,,
kids-cap,,,,,,,,,green,,,cotton,,,0-6-months,,241,100.0,shopify,deny,manual,200000.00,300.00,true,true,,,,,"",,,,,,,,,,,,,,,,,,,,,,,,,,,,,,,,,,,,,,,,,,,,,,,,,,https://cdn.shopify.com/s/files/1/0707/7753/6680/files/capgreen.jpg?v=1748513993,g,,150.00,,,,
kids-cap,,,,,,,,,green,,,bamboo,,,1-2-years,,242,100.0,shopify,deny,manual,200000.00,300.00,true,true,,,,,"",,,,,,,,,,,,,,,,,,,,,,,,,,,,,,,,,,,,,,,,,,,,,,,,,,https://cdn.shopify.com/s/files/1/0707/7753/6680/files/capred.jpg?v=1748513993,g,,150.00,,,,
kids-cap,,,,,,,,,green,,,bamboo,,,6-12-months,,243,100.0,shopify,deny,manual,200000.00,300.00,true,true,,,,,"",,,,,,,,,,,,,,,,,,,,,,,,,,,,,,,,,,,,,,,,,,,,,,,,,,https://cdn.shopify.com/s/files/1/0707/7753/6680/files/capred.jpg?v=1748513993,g,,150.00,,,,
kids-cap,,,,,,,,,green,,,bamboo,,,0-6-months,,244,100.0,shopify,deny,manual,200000.00,300.00,true,true,,,,,"",,,,,,,,,,,,,,,,,,,,,,,,,,,,,,,,,,,,,,,,,,,,,,,,,,https://cdn.shopify.com/s/files/1/0707/7753/6680/files/capred.jpg?v=1748513993,g,,150.00,,,,
kids-cap,,,,,,,,,green,,,polyester,,,1-2-years,,245,100.0,shopify,deny,manual,200000.00,300.00,true,true,,,,,"",,,,,,,,,,,,,,,,,,,,,,,,,,,,,,,,,,,,,,,,,,,,,,,,,,https://cdn.shopify.com/s/files/1/0707/7753/6680/files/capmicky.jpg?v=1748513993,g,,150.00,,,,
kids-cap,,,,,,,,,green,,,polyester,,,6-12-months,,246,100.0,shopify,deny,manual,200000.00,300.00,true,true,,,,,"",,,,,,,,,,,,,,,,,,,,,,,,,,,,,,,,,,,,,,,,,,,,,,,,,,https://cdn.shopify.com/s/files/1/0707/7753/6680/files/capmicky.jpg?v=1748513993,g,,150.00,,,,
kids-cap,,,,,,,,,green,,,polyester,,,0-6-months,,247,100.0,shopify,deny,manual,200000.00,300.00,true,true,,,,,"",,,,,,,,,,,,,,,,,,,,,,,,,,,,,,,,,,,,,,,,,,,,,,,,,,https://cdn.shopify.com/s/files/1/0707/7753/6680/files/capmicky.jpg?v=1748513993,g,,150.00,,,,
kids-cap,,,,,,,,,beige,,,cotton,,,1-2-years,,248,100.0,shopify,deny,manual,200000.00,300.00,true,true,,,,,"",,,,,,,,,,,,,,,,,,,,,,,,,,,,,,,,,,,,,,,,,,,,,,,,,,https://cdn.shopify.com/s/files/1/0707/7753/6680/files/capgreen.jpg?v=1748513993,g,,150.00,,,,
kids-cap,,,,,,,,,beige,,,cotton,,,6-12-months,,249,100.0,shopify,deny,manual,200000.00,300.00,true,true,,,,,"",,,,,,,,,,,,,,,,,,,,,,,,,,,,,,,,,,,,,,,,,,,,,,,,,,https://cdn.shopify.com/s/files/1/0707/7753/6680/files/capgreen.jpg?v=1748513993,g,,150.00,,,,
kids-cap,,,,,,,,,beige,,,cotton,,,0-6-months,,250,100.0,shopify,deny,manual,200000.00,300.00,true,true,,,,,"",,,,,,,,,,,,,,,,,,,,,,,,,,,,,,,,,,,,,,,,,,,,,,,,,,https://cdn.shopify.com/s/files/1/0707/7753/6680/files/capgreen.jpg?v=1748513993,g,,150.00,,,,
kids-cap,,,,,,,,,beige,,,bamboo,,,1-2-years,,251,100.0,shopify,deny,manual,200000.00,300.00,true,true,,,,,"",,,,,,,,,,,,,,,,,,,,,,,,,,,,,,,,,,,,,,,,,,,,,,,,,,https://cdn.shopify.com/s/files/1/0707/7753/6680/files/capred.jpg?v=1748513993,g,,150.00,,,,
kids-cap,,,,,,,,,beige,,,bamboo,,,6-12-months,,252,100.0,shopify,deny,manual,200000.00,300.00,true,true,,,,,"",,,,,,,,,,,,,,,,,,,,,,,,,,,,,,,,,,,,,,,,,,,,,,,,,,https://cdn.shopify.com/s/files/1/0707/7753/6680/files/capred.jpg?v=1748513993,g,,150.00,,,,
kids-cap,,,,,,,,,beige,,,bamboo,,,0-6-months,,253,100.0,shopify,deny,manual,200000.00,300.00,true,true,,,,,"",,,,,,,,,,,,,,,,,,,,,,,,,,,,,,,,,,,,,,,,,,,,,,,,,,https://cdn.shopify.com/s/files/1/0707/7753/6680/files/capred.jpg?v=1748513993,g,,150.00,,,,
kids-cap,,,,,,,,,beige,,,polyester,,,1-2-years,,254,100.0,shopify,deny,manual,200000.00,300.00,true,true,,,,,"",,,,,,,,,,,,,,,,,,,,,,,,,,,,,,,,,,,,,,,,,,,,,,,,,,https://cdn.shopify.com/s/files/1/0707/7753/6680/files/capmicky.jpg?v=1748513993,g,,150.00,,,,
kids-cap,,,,,,,,,beige,,,polyester,,,6-12-months,,255,100.0,shopify,deny,manual,200000.00,300.00,true,true,,,,,"",,,,,,,,,,,,,,,,,,,,,,,,,,,,,,,,,,,,,,,,,,,,,,,,,,https://cdn.shopify.com/s/files/1/0707/7753/6680/files/capmicky.jpg?v=1748513993,g,,150.00,,,,
kids-cap,,,,,,,,,beige,,,polyester,,,0-6-months,,256,100.0,shopify,deny,manual,200000.00,300.00,true,true,,,,,"",,,,,,,,,,,,,,,,,,,,,,,,,,,,,,,,,,,,,,,,,,,,,,,,,,https://cdn.shopify.com/s/files/1/0707/7753/6680/files/capmicky.jpg?v=1748513993,g,,150.00,,,,
kids-tshirt-1,Kid's shirt,"<p>Crafted from premium cotton fabric, this Kid's Tshirt offers exceptional comfort and durability for active children. The breathable material regulates temperature while the reinforced seams withstand repeated washing and daily wear. Available in multiple sizes to ensure proper fit for growing children.</p>",bahadur-startbit,Apparel & Accessories > Clothing > Clothing Tops > Shirts,"","",true,Age group,0-6-months,product.metafields.shopify.age-group,Color,brown,product.metafields.shopify.color-pattern,Fabric,cotton,product.metafields.shopify.fabric,126,100.0,shopify,deny,manual,600.00,1200.00,true,true,,,,,"",https://cdn.shopify.com/s/files/1/0707/7753/6680/files/brownkids.jpg?v=1748513047,1,"",false,,,,,,,,Delivered,🚚 Order within the next {{ countdown }} for delivery by {{ deliverydate }}.,Estimated arrival,Estimated dispatch,Order placed,,,,,,,,,0-6-months; 6-12-months; 1-2-years,,,,,,red; white; brown,cotton; bamboo; polyester,,,,crew,,,,,2; 4; 6,short,unisex,,,,,,,,g,,300.00,true,,,active
kids-tshirt-1,,,,,,,,,0-6-months,,,brown,,,bamboo,,127,100.0,shopify,deny,manual,600.00,1200.00,true,true,,,,,"",https://cdn.shopify.com/s/files/1/0707/7753/6680/files/redkid.jpg?v=1748513047,2,"",,,,,,,,,,,,,,,,,,,,,,,,,,,,,,,,,,,,,,,,,,,,,,,,g,,300.00,,,,
kids-tshirt-1,,,,,,,,,0-6-months,,,brown,,,polyester,,128,100.0,shopify,deny,manual,600.00,1200.00,true,true,,,,,"",https://cdn.shopify.com/s/files/1/0707/7753/6680/files/whitekidst.jpg?v=1748513047,3,"",,,,,,,,,,,,,,,,,,,,,,,,,,,,,,,,,,,,,,,,,,,,,,,,g,,300.00,,,,
kids-tshirt-1,,,,,,,,,6-12-months,,,brown,,,cotton,,135,100.0,shopify,deny,manual,600.00,1200.00,true,true,,,,,"",,,,,,,,,,,,,,,,,,,,,,,,,,,,,,,,,,,,,,,,,,,,,,,,,,,g,,300.00,,,,
kids-tshirt-1,,,,,,,,,6-12-months,,,brown,,,bamboo,,136,100.0,shopify,deny,manual,600.00,1200.00,true,true,,,,,"",,,,,,,,,,,,,,,,,,,,,,,,,,,,,,,,,,,,,,,,,,,,,,,,,,,g,,300.00,,,,
kids-tshirt-1,,,,,,,,,6-12-months,,,brown,,,polyester,,137,100.0,shopify,deny,manual,600.00,1200.00,true,true,,,,,"",,,,,,,,,,,,,,,,,,,,,,,,,,,,,,,,,,,,,,,,,,,,,,,,,,,g,,300.00,,,,
kids-tshirt-1,,,,,,,,,1-2-years,,,brown,,,cotton,,144,100.0,shopify,deny,manual,600.00,1200.00,true,true,,,,,"",,,,,,,,,,,,,,,,,,,,,,,,,,,,,,,,,,,,,,,,,,,,,,,,,,,g,,300.00,,,,
kids-tshirt-1,,,,,,,,,1-2-years,,,brown,,,bamboo,,145,100.0,shopify,deny,manual,600.00,1200.00,true,true,,,,,"",,,,,,,,,,,,,,,,,,,,,,,,,,,,,,,,,,,,,,,,,,,,,,,,,,,g,,300.00,,,,
kids-tshirt-1,,,,,,,,,1-2-years,,,brown,,,polyester,,146,100.0,shopify,deny,manual,600.00,1200.00,true,true,,,,,"",,,,,,,,,,,,,,,,,,,,,,,,,,,,,,,,,,,,,,,,,,,,,,,,,,,g,,300.00,,,,
kids-tshirt,kids tshirt,"<p>Crafted from premium, breathable fabric, this kids t-shirt offers superior comfort for all-day wear. The reinforced stitching ensures durability through active play and multiple washes, while the child-friendly design provides ease of dressing. Available in various sizes to accommodate growing children with a comfortable, non-restrictive fit.</p>",bahadur-startbit,Apparel & Accessories > Clothing > Clothing Tops > T-Shirts,"","",true,Color,white,product.metafields.shopify.color-pattern,Size,s,product.metafields.shopify.size,Age group,0-6-months,product.metafields.shopify.age-group,1,0.0,shopify,deny,manual,200.00,500.00,true,true,,,,,"",https://cdn.shopify.com/s/files/1/0707/7753/6680/files/bluetshirtkids.jpg?v=1748512700,1,"",false,,,,,,,,Delivered,🚚 Order within the next {{ countdown }} for delivery by {{ deliverydate }}.,Estimated arrival,Estimated dispatch,Order placed,,,,,,,,,0-6-months; 6-12-months; 1-2-years,,,,,,white; blue; yellow,cotton,,,,,,,,,s; 2; 4; 6,,unisex,,,,,,,https://cdn.shopify.com/s/files/1/0707/7753/6680/files/whitetshirtkids.jpg?v=1748512700,kg,,100.00,true,,,active
kids-tshirt,,,,,,,,,white,,,s,,,6-12-months,,2,0.0,shopify,deny,manual,200.00,500.00,true,true,,,,,"",https://cdn.shopify.com/s/files/1/0707/7753/6680/files/whitetshirtkids.jpg?v=1748512700,2,"",,,,,,,,,,,,,,,,,,,,,,,,,,,,,,,,,,,,,,,,,,,,,,,https://cdn.shopify.com/s/files/1/0707/7753/6680/files/whitetshirtkids.jpg?v=1748512700,kg,,100.00,,,,
kids-tshirt,,,,,,,,,white,,,s,,,1-2-years,,3,0.0,shopify,deny,manual,200.00,500.00,true,true,,,,,"",https://cdn.shopify.com/s/files/1/0707/7753/6680/files/yellowtsirtkids.jpg?v=1748512700,3,"",,,,,,,,,,,,,,,,,,,,,,,,,,,,,,,,,,,,,,,,,,,,,,,https://cdn.shopify.com/s/files/1/0707/7753/6680/files/whitetshirtkids.jpg?v=1748512700,kg,,100.00,,,,
kids-tshirt,,,,,,,,,white,,,2,,,0-6-months,,4,0.0,shopify,deny,manual,200.00,500.00,true,true,,,,,"",,,,,,,,,,,,,,,,,,,,,,,,,,,,,,,,,,,,,,,,,,,,,,,,,,https://cdn.shopify.com/s/files/1/0707/7753/6680/files/whitetshirtkids.jpg?v=1748512700,kg,,100.00,,,,
kids-tshirt,,,,,,,,,white,,,2,,,6-12-months,,5,0.0,shopify,deny,manual,200.00,500.00,true,true,,,,,"",,,,,,,,,,,,,,,,,,,,,,,,,,,,,,,,,,,,,,,,,,,,,,,,,,https://cdn.shopify.com/s/files/1/0707/7753/6680/files/whitetshirtkids.jpg?v=1748512700,kg,,100.00,,,,
kids-tshirt,,,,,,,,,white,,,2,,,1-2-years,,6,0.0,shopify,deny,manual,200.00,500.00,true,true,,,,,"",,,,,,,,,,,,,,,,,,,,,,,,,,,,,,,,,,,,,,,,,,,,,,,,,,https://cdn.shopify.com/s/files/1/0707/7753/6680/files/whitetshirtkids.jpg?v=1748512700,kg,,100.00,,,,
kids-tshirt,,,,,,,,,white,,,4,,,0-6-months,,7,0.0,shopify,deny,manual,200.00,500.00,true,true,,,,,"",,,,,,,,,,,,,,,,,,,,,,,,,,,,,,,,,,,,,,,,,,,,,,,,,,https://cdn.shopify.com/s/files/1/0707/7753/6680/files/whitetshirtkids.jpg?v=1748512700,kg,,100.00,,,,
kids-tshirt,,,,,,,,,white,,,4,,,6-12-months,,8,0.0,shopify,deny,manual,200.00,500.00,true,true,,,,,"",,,,,,,,,,,,,,,,,,,,,,,,,,,,,,,,,,,,,,,,,,,,,,,,,,https://cdn.shopify.com/s/files/1/0707/7753/6680/files/whitetshirtkids.jpg?v=1748512700,kg,,100.00,,,,
kids-tshirt,,,,,,,,,white,,,4,,,1-2-years,,9,0.0,shopify,deny,manual,200.00,500.00,true,true,,,,,"",,,,,,,,,,,,,,,,,,,,,,,,,,,,,,,,,,,,,,,,,,,,,,,,,,https://cdn.shopify.com/s/files/1/0707/7753/6680/files/whitetshirtkids.jpg?v=1748512700,kg,,100.00,,,,
kids-tshirt,,,,,,,,,white,,,6,,,0-6-months,,10,0.0,shopify,deny,manual,200.00,500.00,true,true,,,,,"",,,,,,,,,,,,,,,,,,,,,,,,,,,,,,,,,,,,,,,,,,,,,,,,,,https://cdn.shopify.com/s/files/1/0707/7753/6680/files/whitetshirtkids.jpg?v=1748512700,kg,,100.00,,,,
kids-tshirt,,,,,,,,,white,,,6,,,6-12-months,,11,0.0,shopify,deny,manual,200.00,500.00,true,true,,,,,"",,,,,,,,,,,,,,,,,,,,,,,,,,,,,,,,,,,,,,,,,,,,,,,,,,https://cdn.shopify.com/s/files/1/0707/7753/6680/files/whitetshirtkids.jpg?v=1748512700,kg,,100.00,,,,
kids-tshirt,,,,,,,,,white,,,6,,,1-2-years,,12,0.0,shopify,deny,manual,200.00,500.00,true,true,,,,,"",,,,,,,,,,,,,,,,,,,,,,,,,,,,,,,,,,,,,,,,,,,,,,,,,,https://cdn.shopify.com/s/files/1/0707/7753/6680/files/whitetshirtkids.jpg?v=1748512700,kg,,100.00,,,,
kids-tshirt,,,,,,,,,blue,,,s,,,0-6-months,,13,0.0,shopify,deny,manual,200.00,500.00,true,true,,,,,"",,,,,,,,,,,,,,,,,,,,,,,,,,,,,,,,,,,,,,,,,,,,,,,,,,https://cdn.shopify.com/s/files/1/0707/7753/6680/files/bluetshirtkids.jpg?v=1748512700,kg,,100.00,,,,
kids-tshirt,,,,,,,,,blue,,,s,,,6-12-months,,14,0.0,shopify,deny,manual,200.00,500.00,true,true,,,,,"",,,,,,,,,,,,,,,,,,,,,,,,,,,,,,,,,,,,,,,,,,,,,,,,,,https://cdn.shopify.com/s/files/1/0707/7753/6680/files/bluetshirtkids.jpg?v=1748512700,kg,,100.00,,,,
kids-tshirt,,,,,,,,,blue,,,s,,,1-2-years,,15,0.0,shopify,deny,manual,200.00,500.00,true,true,,,,,"",,,,,,,,,,,,,,,,,,,,,,,,,,,,,,,,,,,,,,,,,,,,,,,,,,https://cdn.shopify.com/s/files/1/0707/7753/6680/files/bluetshirtkids.jpg?v=1748512700,kg,,100.00,,,,
kids-tshirt,,,,,,,,,blue,,,2,,,0-6-months,,16,0.0,shopify,deny,manual,200.00,500.00,true,true,,,,,"",,,,,,,,,,,,,,,,,,,,,,,,,,,,,,,,,,,,,,,,,,,,,,,,,,https://cdn.shopify.com/s/files/1/0707/7753/6680/files/bluetshirtkids.jpg?v=1748512700,kg,,100.00,,,,
kids-tshirt,,,,,,,,,blue,,,2,,,6-12-months,,17,0.0,shopify,deny,manual,200.00,500.00,true,true,,,,,"",,,,,,,,,,,,,,,,,,,,,,,,,,,,,,,,,,,,,,,,,,,,,,,,,,https://cdn.shopify.com/s/files/1/0707/7753/6680/files/bluetshirtkids.jpg?v=1748512700,kg,,100.00,,,,
kids-tshirt,,,,,,,,,blue,,,2,,,1-2-years,,18,0.0,shopify,deny,manual,200.00,500.00,true,true,,,,,"",,,,,,,,,,,,,,,,,,,,,,,,,,,,,,,,,,,,,,,,,,,,,,,,,,https://cdn.shopify.com/s/files/1/0707/7753/6680/files/bluetshirtkids.jpg?v=1748512700,kg,,100.00,,,,
kids-tshirt,,,,,,,,,blue,,,4,,,0-6-months,,19,0.0,shopify,deny,manual,200.00,500.00,true,true,,,,,"",,,,,,,,,,,,,,,,,,,,,,,,,,,,,,,,,,,,,,,,,,,,,,,,,,https://cdn.shopify.com/s/files/1/0707/7753/6680/files/bluetshirtkids.jpg?v=1748512700,kg,,100.00,,,,
kids-tshirt,,,,,,,,,blue,,,4,,,6-12-months,,20,0.0,shopify,deny,manual,200.00,500.00,true,true,,,,,"",,,,,,,,,,,,,,,,,,,,,,,,,,,,,,,,,,,,,,,,,,,,,,,,,,https://cdn.shopify.com/s/files/1/0707/7753/6680/files/bluetshirtkids.jpg?v=1748512700,kg,,100.00,,,,
kids-tshirt,,,,,,,,,blue,,,4,,,1-2-years,,21,0.0,shopify,deny,manual,200.00,500.00,true,true,,,,,"",,,,,,,,,,,,,,,,,,,,,,,,,,,,,,,,,,,,,,,,,,,,,,,,,,https://cdn.shopify.com/s/files/1/0707/7753/6680/files/bluetshirtkids.jpg?v=1748512700,kg,,100.00,,,,
kids-tshirt,,,,,,,,,blue,,,6,,,0-6-months,,22,0.0,shopify,deny,manual,200.00,500.00,true,true,,,,,"",,,,,,,,,,,,,,,,,,,,,,,,,,,,,,,,,,,,,,,,,,,,,,,,,,https://cdn.shopify.com/s/files/1/0707/7753/6680/files/bluetshirtkids.jpg?v=1748512700,kg,,100.00,,,,
kids-tshirt,,,,,,,,,blue,,,6,,,6-12-months,,23,0.0,shopify,deny,manual,200.00,500.00,true,true,,,,,"",,,,,,,,,,,,,,,,,,,,,,,,,,,,,,,,,,,,,,,,,,,,,,,,,,https://cdn.shopify.com/s/files/1/0707/7753/6680/files/bluetshirtkids.jpg?v=1748512700,kg,,100.00,,,,
kids-tshirt,,,,,,,,,blue,,,6,,,1-2-years,,24,0.0,shopify,deny,manual,200.00,500.00,true,true,,,,,"",,,,,,,,,,,,,,,,,,,,,,,,,,,,,,,,,,,,,,,,,,,,,,,,,,https://cdn.shopify.com/s/files/1/0707/7753/6680/files/bluetshirtkids.jpg?v=1748512700,kg,,100.00,,,,
kids-tshirt,,,,,,,,,yellow,,,s,,,0-6-months,,25,0.0,shopify,deny,manual,200.00,500.00,true,true,,,,,"",,,,,,,,,,,,,,,,,,,,,,,,,,,,,,,,,,,,,,,,,,,,,,,,,,https://cdn.shopify.com/s/files/1/0707/7753/6680/files/yellowtsirtkids.jpg?v=1748512700,kg,,100.00,,,,
kids-tshirt,,,,,,,,,yellow,,,s,,,6-12-months,,26,0.0,shopify,deny,manual,200.00,500.00,true,true,,,,,"",,,,,,,,,,,,,,,,,,,,,,,,,,,,,,,,,,,,,,,,,,,,,,,,,,https://cdn.shopify.com/s/files/1/0707/7753/6680/files/yellowtsirtkids.jpg?v=1748512700,kg,,100.00,,,,
kids-tshirt,,,,,,,,,yellow,,,s,,,1-2-years,,27,0.0,shopify,deny,manual,200.00,500.00,true,true,,,,,"",,,,,,,,,,,,,,,,,,,,,,,,,,,,,,,,,,,,,,,,,,,,,,,,,,https://cdn.shopify.com/s/files/1/0707/7753/6680/files/yellowtsirtkids.jpg?v=1748512700,kg,,100.00,,,,
kids-tshirt,,,,,,,,,yellow,,,2,,,0-6-months,,28,0.0,shopify,deny,manual,200.00,500.00,true,true,,,,,"",,,,,,,,,,,,,,,,,,,,,,,,,,,,,,,,,,,,,,,,,,,,,,,,,,https://cdn.shopify.com/s/files/1/0707/7753/6680/files/yellowtsirtkids.jpg?v=1748512700,kg,,100.00,,,,
kids-tshirt,,,,,,,,,yellow,,,2,,,6-12-months,,29,0.0,shopify,deny,manual,200.00,500.00,true,true,,,,,"",,,,,,,,,,,,,,,,,,,,,,,,,,,,,,,,,,,,,,,,,,,,,,,,,,https://cdn.shopify.com/s/files/1/0707/7753/6680/files/yellowtsirtkids.jpg?v=1748512700,kg,,100.00,,,,
kids-tshirt,,,,,,,,,yellow,,,2,,,1-2-years,,30,0.0,shopify,deny,manual,200.00,500.00,true,true,,,,,"",,,,,,,,,,,,,,,,,,,,,,,,,,,,,,,,,,,,,,,,,,,,,,,,,,https://cdn.shopify.com/s/files/1/0707/7753/6680/files/yellowtsirtkids.jpg?v=1748512700,kg,,100.00,,,,
kids-tshirt,,,,,,,,,yellow,,,4,,,0-6-months,,31,0.0,shopify,deny,manual,200.00,500.00,true,true,,,,,"",,,,,,,,,,,,,,,,,,,,,,,,,,,,,,,,,,,,,,,,,,,,,,,,,,https://cdn.shopify.com/s/files/1/0707/7753/6680/files/yellowtsirtkids.jpg?v=1748512700,kg,,100.00,,,,
kids-tshirt,,,,,,,,,yellow,,,4,,,6-12-months,,32,0.0,shopify,deny,manual,200.00,500.00,true,true,,,,,"",,,,,,,,,,,,,,,,,,,,,,,,,,,,,,,,,,,,,,,,,,,,,,,,,,https://cdn.shopify.com/s/files/1/0707/7753/6680/files/yellowtsirtkids.jpg?v=1748512700,kg,,100.00,,,,
kids-tshirt,,,,,,,,,yellow,,,4,,,1-2-years,,33,0.0,shopify,deny,manual,200.00,500.00,true,true,,,,,"",,,,,,,,,,,,,,,,,,,,,,,,,,,,,,,,,,,,,,,,,,,,,,,,,,https://cdn.shopify.com/s/files/1/0707/7753/6680/files/yellowtsirtkids.jpg?v=1748512700,kg,,100.00,,,,
kids-tshirt,,,,,,,,,yellow,,,6,,,0-6-months,,34,0.0,shopify,deny,manual,200.00,500.00,true,true,,,,,"",,,,,,,,,,,,,,,,,,,,,,,,,,,,,,,,,,,,,,,,,,,,,,,,,,https://cdn.shopify.com/s/files/1/0707/7753/6680/files/yellowtsirtkids.jpg?v=1748512700,kg,,100.00,,,,
kids-tshirt,,,,,,,,,yellow,,,6,,,6-12-months,,35,0.0,shopify,deny,manual,200.00,500.00,true,true,,,,,"",,,,,,,,,,,,,,,,,,,,,,,,,,,,,,,,,,,,,,,,,,,,,,,,,,https://cdn.shopify.com/s/files/1/0707/7753/6680/files/yellowtsirtkids.jpg?v=1748512700,kg,,100.00,,,,
kids-tshirt,,,,,,,,,yellow,,,6,,,1-2-years,,36,0.0,shopify,deny,manual,200.00,500.00,true,true,,,,,"",,,,,,,,,,,,,,,,,,,,,,,,,,,,,,,,,,,,,,,,,,,,,,,,,,https://cdn.shopify.com/s/files/1/0707/7753/6680/files/yellowtsirtkids.jpg?v=1748512700,kg,,100.00,,,,
kids-shoes,kids shoes,<p>Expertly designed kids shoes featuring durable construction and supportive soles for growing feet. These comfortable shoes provide proper arch support while withstanding active play. Available in various sizes to accommodate different developmental stages with easy-to-use closures for independent dressing.</p>,bahadur-startbit,Apparel & Accessories > Shoes > Baby & Toddler Shoes > Baby & Toddler Sneakers,"","",true,Color,pink,product.metafields.shopify.color-pattern,Shoe size,3-5,product.metafields.shopify.shoe-size,Footwear material,cotton,product.metafields.shopify.footwear-material,20,200.0,shopify,deny,manual,500.00,700.00,true,true,,,,,"",https://cdn.shopify.com/s/files/1/0707/7753/6680/files/prupletshirtkids.jpg?v=1748512468,1,"",false,,,,,,,,Delivered,🚚 Order within the next {{ countdown }} for delivery by {{ deliverydate }}.,Estimated arrival,Estimated dispatch,Order placed,,,,,,,,,,,,,,lace-up,pink; white; purple,,cotton; canvas; fleece,,,,,,arch-support,3-5; 4; 4-5,,,unisex,,,,,,,https://cdn.shopify.com/s/files/1/0707/7753/6680/files/kidsshoesp.jpg?v=1748512468,g,,300.00,true,,,active
kids-shoes,,,,,,,,,pink,,,3-5,,,canvas,,21,200.0,shopify,deny,manual,500.00,700.00,true,true,,,,,"",https://cdn.shopify.com/s/files/1/0707/7753/6680/files/lightshoes.jpg?v=1748512468,2,"",,,,,,,,,,,,,,,,,,,,,,,,,,,,,,,,,,,,,,,,,,,,,,,https://cdn.shopify.com/s/files/1/0707/7753/6680/files/kidsshoesp.jpg?v=1748512468,g,,300.00,,,,
kids-shoes,,,,,,,,,pink,,,3-5,,,fleece,,22,200.0,shopify,deny,manual,500.00,700.00,true,true,,,,,"",https://cdn.shopify.com/s/files/1/0707/7753/6680/files/kidsshoesp.jpg?v=1748512468,3,"",,,,,,,,,,,,,,,,,,,,,,,,,,,,,,,,,,,,,,,,,,,,,,,https://cdn.shopify.com/s/files/1/0707/7753/6680/files/kidsshoesp.jpg?v=1748512468,g,,300.00,,,,
kids-shoes,,,,,,,,,pink,,,4,,,cotton,,23,200.0,shopify,deny,manual,500.00,700.00,true,true,,,,,"",,,,,,,,,,,,,,,,,,,,,,,,,,,,,,,,,,,,,,,,,,,,,,,,,,https://cdn.shopify.com/s/files/1/0707/7753/6680/files/kidsshoesp.jpg?v=1748512468,g,,300.00,,,,
kids-shoes,,,,,,,,,pink,,,4,,,canvas,,24,200.0,shopify,deny,manual,500.00,700.00,true,true,,,,,"",,,,,,,,,,,,,,,,,,,,,,,,,,,,,,,,,,,,,,,,,,,,,,,,,,https://cdn.shopify.com/s/files/1/0707/7753/6680/files/kidsshoesp.jpg?v=1748512468,g,,300.00,,,,
kids-shoes,,,,,,,,,pink,,,4,,,fleece,,25,200.0,shopify,deny,manual,500.00,700.00,true,true,,,,,"",,,,,,,,,,,,,,,,,,,,,,,,,,,,,,,,,,,,,,,,,,,,,,,,,,https://cdn.shopify.com/s/files/1/0707/7753/6680/files/kidsshoesp.jpg?v=1748512468,g,,300.00,,,,
kids-shoes,,,,,,,,,pink,,,4-5,,,cotton,,26,200.0,shopify,deny,manual,500.00,700.00,true,true,,,,,"",,,,,,,,,,,,,,,,,,,,,,,,,,,,,,,,,,,,,,,,,,,,,,,,,,https://cdn.shopify.com/s/files/1/0707/7753/6680/files/kidsshoesp.jpg?v=1748512468,g,,300.00,,,,
kids-shoes,,,,,,,,,pink,,,4-5,,,canvas,,27,200.0,shopify,deny,manual,500.00,700.00,true,true,,,,,"",,,,,,,,,,,,,,,,,,,,,,,,,,,,,,,,,,,,,,,,,,,,,,,,,,https://cdn.shopify.com/s/files/1/0707/7753/6680/files/kidsshoesp.jpg?v=1748512468,g,,300.00,,,,
kids-shoes,,,,,,,,,pink,,,4-5,,,fleece,,28,200.0,shopify,deny,manual,500.00,700.00,true,true,,,,,"",,,,,,,,,,,,,,,,,,,,,,,,,,,,,,,,,,,,,,,,,,,,,,,,,,https://cdn.shopify.com/s/files/1/0707/7753/6680/files/kidsshoesp.jpg?v=1748512468,g,,300.00,,,,
kids-shoes,,,,,,,,,white,,,3-5,,,cotton,,29,200.0,shopify,deny,manual,500.00,700.00,true,true,,,,,"",,,,,,,,,,,,,,,,,,,,,,,,,,,,,,,,,,,,,,,,,,,,,,,,,,https://cdn.shopify.com/s/files/1/0707/7753/6680/files/lightshoes.jpg?v=1748512468,g,,300.00,,,,
kids-shoes,,,,,,,,,white,,,3-5,,,canvas,,30,200.0,shopify,deny,manual,500.00,700.00,true,true,,,,,"",,,,,,,,,,,,,,,,,,,,,,,,,,,,,,,,,,,,,,,,,,,,,,,,,,https://cdn.shopify.com/s/files/1/0707/7753/6680/files/lightshoes.jpg?v=1748512468,g,,300.00,,,,
kids-shoes,,,,,,,,,white,,,3-5,,,fleece,,31,200.0,shopify,deny,manual,500.00,700.00,true,true,,,,,"",,,,,,,,,,,,,,,,,,,,,,,,,,,,,,,,,,,,,,,,,,,,,,,,,,https://cdn.shopify.com/s/files/1/0707/7753/6680/files/lightshoes.jpg?v=1748512468,g,,300.00,,,,
kids-shoes,,,,,,,,,white,,,4,,,cotton,,32,200.0,shopify,deny,manual,500.00,700.00,true,true,,,,,"",,,,,,,,,,,,,,,,,,,,,,,,,,,,,,,,,,,,,,,,,,,,,,,,,,https://cdn.shopify.com/s/files/1/0707/7753/6680/files/lightshoes.jpg?v=1748512468,g,,300.00,,,,
kids-shoes,,,,,,,,,white,,,4,,,canvas,,33,200.0,shopify,deny,manual,500.00,700.00,true,true,,,,,"",,,,,,,,,,,,,,,,,,,,,,,,,,,,,,,,,,,,,,,,,,,,,,,,,,https://cdn.shopify.com/s/files/1/0707/7753/6680/files/lightshoes.jpg?v=1748512468,g,,300.00,,,,
kids-shoes,,,,,,,,,white,,,4,,,fleece,,34,200.0,shopify,deny,manual,500.00,700.00,true,true,,,,,"",,,,,,,,,,,,,,,,,,,,,,,,,,,,,,,,,,,,,,,,,,,,,,,,,,https://cdn.shopify.com/s/files/1/0707/7753/6680/files/lightshoes.jpg?v=1748512468,g,,300.00,,,,
kids-shoes,,,,,,,,,white,,,4-5,,,cotton,,35,200.0,shopify,deny,manual,500.00,700.00,true,true,,,,,"",,,,,,,,,,,,,,,,,,,,,,,,,,,,,,,,,,,,,,,,,,,,,,,,,,https://cdn.shopify.com/s/files/1/0707/7753/6680/files/lightshoes.jpg?v=1748512468,g,,300.00,,,,
kids-shoes,,,,,,,,,white,,,4-5,,,canvas,,36,200.0,shopify,deny,manual,500.00,700.00,true,true,,,,,"",,,,,,,,,,,,,,,,,,,,,,,,,,,,,,,,,,,,,,,,,,,,,,,,,,https://cdn.shopify.com/s/files/1/0707/7753/6680/files/lightshoes.jpg?v=1748512468,g,,300.00,,,,
kids-shoes,,,,,,,,,white,,,4-5,,,fleece,,37,200.0,shopify,deny,manual,500.00,700.00,true,true,,,,,"",,,,,,,,,,,,,,,,,,,,,,,,,,,,,,,,,,,,,,,,,,,,,,,,,,https://cdn.shopify.com/s/files/1/0707/7753/6680/files/lightshoes.jpg?v=1748512468,g,,300.00,,,,
kids-shoes,,,,,,,,,purple,,,3-5,,,cotton,,38,200.0,shopify,deny,manual,500.00,700.00,true,true,,,,,"",,,,,,,,,,,,,,,,,,,,,,,,,,,,,,,,,,,,,,,,,,,,,,,,,,https://cdn.shopify.com/s/files/1/0707/7753/6680/files/prupletshirtkids.jpg?v=1748512468,g,,300.00,,,,
kids-shoes,,,,,,,,,purple,,,3-5,,,canvas,,39,200.0,shopify,deny,manual,500.00,700.00,true,true,,,,,"",,,,,,,,,,,,,,,,,,,,,,,,,,,,,,,,,,,,,,,,,,,,,,,,,,https://cdn.shopify.com/s/files/1/0707/7753/6680/files/prupletshirtkids.jpg?v=1748512468,g,,300.00,,,,
kids-shoes,,,,,,,,,purple,,,3-5,,,fleece,,40,200.0,shopify,deny,manual,500.00,700.00,true,true,,,,,"",,,,,,,,,,,,,,,,,,,,,,,,,,,,,,,,,,,,,,,,,,,,,,,,,,https://cdn.shopify.com/s/files/1/0707/7753/6680/files/prupletshirtkids.jpg?v=1748512468,g,,300.00,,,,
kids-shoes,,,,,,,,,purple,,,4,,,cotton,,41,200.0,shopify,deny,manual,500.00,700.00,true,true,,,,,"",,,,,,,,,,,,,,,,,,,,,,,,,,,,,,,,,,,,,,,,,,,,,,,,,,https://cdn.shopify.com/s/files/1/0707/7753/6680/files/prupletshirtkids.jpg?v=1748512468,g,,300.00,,,,
kids-shoes,,,,,,,,,purple,,,4,,,canvas,,42,200.0,shopify,deny,manual,500.00,700.00,true,true,,,,,"",,,,,,,,,,,,,,,,,,,,,,,,,,,,,,,,,,,,,,,,,,,,,,,,,,https://cdn.shopify.com/s/files/1/0707/7753/6680/files/prupletshirtkids.jpg?v=1748512468,g,,300.00,,,,
kids-shoes,,,,,,,,,purple,,,4,,,fleece,,43,200.0,shopify,deny,manual,500.00,700.00,true,true,,,,,"",,,,,,,,,,,,,,,,,,,,,,,,,,,,,,,,,,,,,,,,,,,,,,,,,,https://cdn.shopify.com/s/files/1/0707/7753/6680/files/prupletshirtkids.jpg?v=1748512468,g,,300.00,,,,
kids-shoes,,,,,,,,,purple,,,4-5,,,cotton,,44,200.0,shopify,deny,manual,500.00,700.00,true,true,,,,,"",,,,,,,,,,,,,,,,,,,,,,,,,,,,,,,,,,,,,,,,,,,,,,,,,,https://cdn.shopify.com/s/files/1/0707/7753/6680/files/prupletshirtkids.jpg?v=1748512468,g,,300.00,,,,
kids-shoes,,,,,,,,,purple,,,4-5,,,canvas,,45,200.0,shopify,deny,manual,500.00,700.00,true,true,,,,,"",,,,,,,,,,,,,,,,,,,,,,,,,,,,,,,,,,,,,,,,,,,,,,,,,,https://cdn.shopify.com/s/files/1/0707/7753/6680/files/prupletshirtkids.jpg?v=1748512468,g,,300.00,,,,
kids-shoes,,,,,,,,,purple,,,4-5,,,fleece,,46,200.0,shopify,deny,manual,500.00,700.00,true,true,,,,,"",,,,,,,,,,,,,,,,,,,,,,,,,,,,,,,,,,,,,,,,,,,,,,,,,,https://cdn.shopify.com/s/files/1/0707/7753/6680/files/prupletshirtkids.jpg?v=1748512468,g,,300.00,,,,
kids-brush,kids brush,"<p>Designed specifically for children's delicate oral care needs, this kids brush features soft bristles to protect developing gums while effectively removing plaque. The ergonomic handle provides easy grip for small hands, encouraging proper brushing technique and independence. Recommended by dental professionals for establishing healthy oral hygiene habits early.</p>",bahadur-startbit,Health & Beauty > Personal Care > Oral Care > Toothbrushes > Manual Toothbrushes,"","",true,Color,blue,product.metafields.shopify.color-pattern,Age group,1-2-years,product.metafields.shopify.age-group,Material,Rubber,,50,0.0,shopify,deny,manual,1500000.00,300.00,true,true,,,,,"",https://cdn.shopify.com/s/files/1/0707/7753/6680/files/bluebrush.jpg?v=1748512252,1,"",false,,,,,,,,Delivered,🚚 Order within the next {{ countdown }} for delivery by {{ deliverydate }}.,Estimated arrival,Estimated dispatch,Order placed,,,shirts,,,5,1,,1-2-years; 6-12-months,,,,,,blue; purple; yellow,,,,,,,,,,,,,,,,,,,https://cdn.shopify.com/s/files/1/0707/7753/6680/files/bluebrush.jpg?v=1748512252,kg,,100.00,true,,,active
kids-brush,,,,,,,,,blue,,,1-2-years,,,plastic,,51,0.0,shopify,deny,manual,1500000.00,300.00,true,true,,,,,"",https://cdn.shopify.com/s/files/1/0707/7753/6680/files/yellowbrush.jpg?v=1748512252,2,"",,,,,,,,,,,,,,,,,,,,,,,,,,,,,,,,,,,,,,,,,,,,,,,https://cdn.shopify.com/s/files/1/0707/7753/6680/files/bluebrush.jpg?v=1748512252,kg,,100.00,,,,
kids-brush,,,,,,,,,blue,,,6-12-months,,,Rubber,,52,0.0,shopify,deny,manual,1500000.00,300.00,true,true,,,,,"",https://cdn.shopify.com/s/files/1/0707/7753/6680/files/brushblue.jpg?v=1748512252,3,"",,,,,,,,,,,,,,,,,,,,,,,,,,,,,,,,,,,,,,,,,,,,,,,https://cdn.shopify.com/s/files/1/0707/7753/6680/files/bluebrush.jpg?v=1748512252,kg,,100.00,,,,
kids-brush,,,,,,,,,blue,,,6-12-months,,,plastic,,53,0.0,shopify,deny,manual,1500000.00,300.00,true,true,,,,,"",,,,,,,,,,,,,,,,,,,,,,,,,,,,,,,,,,,,,,,,,,,,,,,,,,https://cdn.shopify.com/s/files/1/0707/7753/6680/files/bluebrush.jpg?v=1748512252,kg,,100.00,,,,
kids-brush,,,,,,,,,purple,,,1-2-years,,,Rubber,,54,0.0,shopify,deny,manual,1500000.00,300.00,true,true,,,,,"",,,,,,,,,,,,,,,,,,,,,,,,,,,,,,,,,,,,,,,,,,,,,,,,,,https://cdn.shopify.com/s/files/1/0707/7753/6680/files/brushblue.jpg?v=1748512252,kg,,100.00,,,,
kids-brush,,,,,,,,,purple,,,1-2-years,,,plastic,,55,0.0,shopify,deny,manual,1500000.00,300.00,true,true,,,,,"",,,,,,,,,,,,,,,,,,,,,,,,,,,,,,,,,,,,,,,,,,,,,,,,,,https://cdn.shopify.com/s/files/1/0707/7753/6680/files/brushblue.jpg?v=1748512252,kg,,100.00,,,,
kids-brush,,,,,,,,,purple,,,6-12-months,,,Rubber,,56,0.0,shopify,deny,manual,1500000.00,300.00,true,true,,,,,"",,,,,,,,,,,,,,,,,,,,,,,,,,,,,,,,,,,,,,,,,,,,,,,,,,https://cdn.shopify.com/s/files/1/0707/7753/6680/files/brushblue.jpg?v=1748512252,kg,,100.00,,,,
kids-brush,,,,,,,,,purple,,,6-12-months,,,plastic,,57,0.0,shopify,deny,manual,1500000.00,300.00,true,true,,,,,"",,,,,,,,,,,,,,,,,,,,,,,,,,,,,,,,,,,,,,,,,,,,,,,,,,https://cdn.shopify.com/s/files/1/0707/7753/6680/files/brushblue.jpg?v=1748512252,kg,,100.00,,,,
kids-brush,,,,,,,,,yellow,,,1-2-years,,,Rubber,,58,0.0,shopify,deny,manual,15000000.00,300.00,true,true,,,,,"",,,,,,,,,,,,,,,,,,,,,,,,,,,,,,,,,,,,,,,,,,,,,,,,,,https://cdn.shopify.com/s/files/1/0707/7753/6680/files/yellowbrush.jpg?v=1748512252,kg,,100.00,,,,
kids-brush,,,,,,,,,yellow,,,1-2-years,,,plastic,,59,0.0,shopify,deny,manual,15000000.00,300.00,true,true,,,,,"",,,,,,,,,,,,,,,,,,,,,,,,,,,,,,,,,,,,,,,,,,,,,,,,,,https://cdn.shopify.com/s/files/1/0707/7753/6680/files/yellowbrush.jpg?v=1748512252,kg,,100.00,,,,
kids-brush,,,,,,,,,yellow,,,6-12-months,,,Rubber,,60,0.0,shopify,deny,manual,15000000.00,300.00,true,true,,,,,"",,,,,,,,,,,,,,,,,,,,,,,,,,,,,,,,,,,,,,,,,,,,,,,,,,https://cdn.shopify.com/s/files/1/0707/7753/6680/files/yellowbrush.jpg?v=1748512252,kg,,100.00,,,,
kids-brush,,,,,,,,,yellow,,,6-12-months,,,plastic,,61,0.0,shopify,deny,manual,15000000.00,300.00,true,true,,,,,"",,,,,,,,,,,,,,,,,,,,,,,,,,,,,,,,,,,,,,,,,,,,,,,,,,https://cdn.shopify.com/s/files/1/0707/7753/6680/files/yellowbrush.jpg?v=1748512252,kg,,100.00,,,,
womens-shirt,Women's Shirt,"<p>Expertly crafted women's shirt designed with precision tailoring for a flattering silhouette. Features durable stitching and quality fabric that maintains shape through multiple washes. Versatile enough for professional settings or casual outings, this essential wardrobe piece offers both comfort and style throughout the day.</p>",bahadur-startbit,Apparel & Accessories > Clothing > Clothing Tops > Shirts,"","",true,Color,white,product.metafields.shopify.color-pattern,Fabric,cotton,product.metafields.shopify.fabric,Size,m,product.metafields.shopify.size,290,0.0,shopify,deny,manual,600.00,1000.00,true,true,,,,,"",https://cdn.shopify.com/s/files/1/0707/7753/6680/files/greenw.jpg?v=1748511466,1,"",false,,,,,,,,Delivered,🚚 Order within the next {{ countdown }} for delivery by {{ deliverydate }}.,Estimated arrival,Estimated dispatch,Order placed,,,,,,,,,adults,,,,,,white; green; blue,cotton; polyester; bamboo,,,,,,,,,m; s,,female,,,,,,,https://cdn.shopify.com/s/files/1/0707/7753/6680/files/whitew.jpg?v=1748511466,kg,,300.00,true,,,active
womens-shirt,,,,,,,,,white,,,cotton,,,s,,291,0.0,shopify,deny,manual,600.00,1000.00,true,true,,,,,"",https://cdn.shopify.com/s/files/1/0707/7753/6680/files/bluew.jpg?v=1748511466,2,"",,,,,,,,,,,,,,,,,,,,,,,,,,,,,,,,,,,,,,,,,,,,,,,https://cdn.shopify.com/s/files/1/0707/7753/6680/files/whitew.jpg?v=1748511466,kg,,300.00,,,,
womens-shirt,,,,,,,,,white,,,polyester,,,m,,292,0.0,shopify,deny,manual,600.00,1000.00,true,true,,,,,"",https://cdn.shopify.com/s/files/1/0707/7753/6680/files/whitew.jpg?v=1748511466,3,"",,,,,,,,,,,,,,,,,,,,,,,,,,,,,,,,,,,,,,,,,,,,,,,https://cdn.shopify.com/s/files/1/0707/7753/6680/files/whitew.jpg?v=1748511466,kg,,300.00,,,,
womens-shirt,,,,,,,,,white,,,polyester,,,s,,293,0.0,shopify,deny,manual,600.00,1000.00,true,true,,,,,"",,,,,,,,,,,,,,,,,,,,,,,,,,,,,,,,,,,,,,,,,,,,,,,,,,https://cdn.shopify.com/s/files/1/0707/7753/6680/files/whitew.jpg?v=1748511466,kg,,300.00,,,,
womens-shirt,,,,,,,,,white,,,bamboo,,,m,,294,0.0,shopify,deny,manual,600.00,1000.00,true,true,,,,,"",,,,,,,,,,,,,,,,,,,,,,,,,,,,,,,,,,,,,,,,,,,,,,,,,,https://cdn.shopify.com/s/files/1/0707/7753/6680/files/whitew.jpg?v=1748511466,kg,,300.00,,,,
womens-shirt,,,,,,,,,white,,,bamboo,,,s,,295,0.0,shopify,deny,manual,600.00,1000.00,true,true,,,,,"",,,,,,,,,,,,,,,,,,,,,,,,,,,,,,,,,,,,,,,,,,,,,,,,,,https://cdn.shopify.com/s/files/1/0707/7753/6680/files/whitew.jpg?v=1748511466,kg,,300.00,,,,
womens-shirt,,,,,,,,,green,,,cotton,,,m,,296,0.0,shopify,deny,manual,600.00,1000.00,true,true,,,,,"",,,,,,,,,,,,,,,,,,,,,,,,,,,,,,,,,,,,,,,,,,,,,,,,,,https://cdn.shopify.com/s/files/1/0707/7753/6680/files/greenw.jpg?v=1748511466,kg,,300.00,,,,
womens-shirt,,,,,,,,,green,,,cotton,,,s,,297,0.0,shopify,deny,manual,600.00,1000.00,true,true,,,,,"",,,,,,,,,,,,,,,,,,,,,,,,,,,,,,,,,,,,,,,,,,,,,,,,,,https://cdn.shopify.com/s/files/1/0707/7753/6680/files/greenw.jpg?v=1748511466,kg,,300.00,,,,
womens-shirt,,,,,,,,,green,,,polyester,,,m,,298,0.0,shopify,deny,manual,600.00,1000.00,true,true,,,,,"",,,,,,,,,,,,,,,,,,,,,,,,,,,,,,,,,,,,,,,,,,,,,,,,,,https://cdn.shopify.com/s/files/1/0707/7753/6680/files/greenw.jpg?v=1748511466,kg,,300.00,,,,
womens-shirt,,,,,,,,,green,,,polyester,,,s,,299,0.0,shopify,deny,manual,600.00,1000.00,true,true,,,,,"",,,,,,,,,,,,,,,,,,,,,,,,,,,,,,,,,,,,,,,,,,,,,,,,,,https://cdn.shopify.com/s/files/1/0707/7753/6680/files/greenw.jpg?v=1748511466,kg,,300.00,,,,
womens-shirt,,,,,,,,,green,,,bamboo,,,m,,300,0.0,shopify,deny,manual,600.00,1000.00,true,true,,,,,"",,,,,,,,,,,,,,,,,,,,,,,,,,,,,,,,,,,,,,,,,,,,,,,,,,https://cdn.shopify.com/s/files/1/0707/7753/6680/files/greenw.jpg?v=1748511466,kg,,300.00,,,,
womens-shirt,,,,,,,,,green,,,bamboo,,,s,,301,0.0,shopify,deny,manual,600.00,1000.00,true,true,,,,,"",,,,,,,,,,,,,,,,,,,,,,,,,,,,,,,,,,,,,,,,,,,,,,,,,,https://cdn.shopify.com/s/files/1/0707/7753/6680/files/greenw.jpg?v=1748511466,kg,,300.00,,,,
womens-shirt,,,,,,,,,blue,,,cotton,,,m,,302,0.0,shopify,deny,manual,600.00,1000.00,true,true,,,,,"",,,,,,,,,,,,,,,,,,,,,,,,,,,,,,,,,,,,,,,,,,,,,,,,,,https://cdn.shopify.com/s/files/1/0707/7753/6680/files/bluew.jpg?v=1748511466,kg,,300.00,,,,
womens-shirt,,,,,,,,,blue,,,cotton,,,s,,303,0.0,shopify,deny,manual,600.00,1000.00,true,true,,,,,"",,,,,,,,,,,,,,,,,,,,,,,,,,,,,,,,,,,,,,,,,,,,,,,,,,https://cdn.shopify.com/s/files/1/0707/7753/6680/files/bluew.jpg?v=1748511466,kg,,300.00,,,,
womens-shirt,,,,,,,,,blue,,,polyester,,,m,,304,0.0,shopify,deny,manual,600.00,1000.00,true,true,,,,,"",,,,,,,,,,,,,,,,,,,,,,,,,,,,,,,,,,,,,,,,,,,,,,,,,,https://cdn.shopify.com/s/files/1/0707/7753/6680/files/bluew.jpg?v=1748511466,kg,,300.00,,,,
womens-shirt,,,,,,,,,blue,,,polyester,,,s,,305,0.0,shopify,deny,manual,600.00,1000.00,true,true,,,,,"",,,,,,,,,,,,,,,,,,,,,,,,,,,,,,,,,,,,,,,,,,,,,,,,,,https://cdn.shopify.com/s/files/1/0707/7753/6680/files/bluew.jpg?v=1748511466,kg,,300.00,,,,
womens-shirt,,,,,,,,,blue,,,bamboo,,,m,,306,0.0,shopify,deny,manual,600.00,1000.00,true,true,,,,,"",,,,,,,,,,,,,,,,,,,,,,,,,,,,,,,,,,,,,,,,,,,,,,,,,,https://cdn.shopify.com/s/files/1/0707/7753/6680/files/bluew.jpg?v=1748511466,kg,,300.00,,,,
womens-shirt,,,,,,,,,blue,,,bamboo,,,s,,307,0.0,shopify,deny,manual,600.00,1000.00,true,true,,,,,"",,,,,,,,,,,,,,,,,,,,,,,,,,,,,,,,,,,,,,,,,,,,,,,,,,https://cdn.shopify.com/s/files/1/0707/7753/6680/files/bluew.jpg?v=1748511466,kg,,300.00,,,,
womens-shoes,Women's Shoes,<p>Expertly crafted women's shoes designed with precision to provide optimal support and comfort throughout the day. The durable construction ensures longevity while the sleek silhouette offers versatility for both professional and casual settings. Available in various sizes to ensure a perfect fit for every customer.</p>,bahadur-startbit,Apparel & Accessories > Shoes > Flats,"","",true,Color,brown,product.metafields.shopify.color-pattern,Shoe size,l,product.metafields.shopify.shoe-size,Age group,kids,product.metafields.shopify.age-group,89,300.0,shopify,deny,manual,800.00,1800.00,true,true,,,,,"",https://cdn.shopify.com/s/files/1/0707/7753/6680/files/browns.jpg?v=1748511094,1,"",false,,,,,,,,Delivered,🚚 Order within the next {{ countdown }} for delivery by {{ deliverydate }}.,Estimated arrival,Estimated dispatch,Order placed,,,,,,,,,kids; teens; adults,,,,,,brown; black; purple,,,,,,,,,l; m; s,,,female,,,,,,,https://cdn.shopify.com/s/files/1/0707/7753/6680/files/browns.jpg?v=1748511094,g,,700.00,true,,,active
womens-shoes,,,,,,,,,brown,,,l,,,teens,,90,300.0,shopify,deny,manual,800.00,1800.00,true,true,,,,,"",https://cdn.shopify.com/s/files/1/0707/7753/6680/files/blackformalw.jpg?v=1748511094,2,"",,,,,,,,,,,,,,,,,,,,,,,,,,,,,,,,,,,,,,,,,,,,,,,https://cdn.shopify.com/s/files/1/0707/7753/6680/files/browns.jpg?v=1748511094,g,,700.00,,,,
womens-shoes,,,,,,,,,brown,,,l,,,adults,,91,300.0,shopify,deny,manual,800.00,1800.00,true,true,,,,,"",https://cdn.shopify.com/s/files/1/0707/7753/6680/files/purplew.jpg?v=1748511094,3,"",,,,,,,,,,,,,,,,,,,,,,,,,,,,,,,,,,,,,,,,,,,,,,,https://cdn.shopify.com/s/files/1/0707/7753/6680/files/browns.jpg?v=1748511094,g,,700.00,,,,
womens-shoes,,,,,,,,,brown,,,m,,,kids,,92,300.0,shopify,deny,manual,800.00,1800.00,true,true,,,,,"",,,,,,,,,,,,,,,,,,,,,,,,,,,,,,,,,,,,,,,,,,,,,,,,,,https://cdn.shopify.com/s/files/1/0707/7753/6680/files/browns.jpg?v=1748511094,g,,700.00,,,,
womens-shoes,,,,,,,,,brown,,,m,,,teens,,93,300.0,shopify,deny,manual,800.00,1800.00,true,true,,,,,"",,,,,,,,,,,,,,,,,,,,,,,,,,,,,,,,,,,,,,,,,,,,,,,,,,https://cdn.shopify.com/s/files/1/0707/7753/6680/files/browns.jpg?v=1748511094,g,,700.00,,,,
womens-shoes,,,,,,,,,brown,,,m,,,adults,,94,300.0,shopify,deny,manual,800.00,1800.00,true,true,,,,,"",,,,,,,,,,,,,,,,,,,,,,,,,,,,,,,,,,,,,,,,,,,,,,,,,,https://cdn.shopify.com/s/files/1/0707/7753/6680/files/browns.jpg?v=1748511094,g,,700.00,,,,
womens-shoes,,,,,,,,,brown,,,s,,,kids,,95,300.0,shopify,deny,manual,800.00,1800.00,true,true,,,,,"",,,,,,,,,,,,,,,,,,,,,,,,,,,,,,,,,,,,,,,,,,,,,,,,,,https://cdn.shopify.com/s/files/1/0707/7753/6680/files/browns.jpg?v=1748511094,g,,700.00,,,,
womens-shoes,,,,,,,,,brown,,,s,,,teens,,96,300.0,shopify,deny,manual,800.00,1800.00,true,true,,,,,"",,,,,,,,,,,,,,,,,,,,,,,,,,,,,,,,,,,,,,,,,,,,,,,,,,https://cdn.shopify.com/s/files/1/0707/7753/6680/files/browns.jpg?v=1748511094,g,,700.00,,,,
womens-shoes,,,,,,,,,brown,,,s,,,adults,,97,300.0,shopify,deny,manual,800.00,1800.00,true,true,,,,,"",,,,,,,,,,,,,,,,,,,,,,,,,,,,,,,,,,,,,,,,,,,,,,,,,,https://cdn.shopify.com/s/files/1/0707/7753/6680/files/browns.jpg?v=1748511094,g,,700.00,,,,
womens-shoes,,,,,,,,,black,,,l,,,kids,,98,300.0,shopify,deny,manual,800.00,1800.00,true,true,,,,,"",,,,,,,,,,,,,,,,,,,,,,,,,,,,,,,,,,,,,,,,,,,,,,,,,,https://cdn.shopify.com/s/files/1/0707/7753/6680/files/blackformalw.jpg?v=1748511094,g,,700.00,,,,
womens-shoes,,,,,,,,,black,,,l,,,teens,,99,300.0,shopify,deny,manual,800.00,1800.00,true,true,,,,,"",,,,,,,,,,,,,,,,,,,,,,,,,,,,,,,,,,,,,,,,,,,,,,,,,,https://cdn.shopify.com/s/files/1/0707/7753/6680/files/blackformalw.jpg?v=1748511094,g,,700.00,,,,
womens-shoes,,,,,,,,,black,,,l,,,adults,,100,300.0,shopify,deny,manual,800.00,1800.00,true,true,,,,,"",,,,,,,,,,,,,,,,,,,,,,,,,,,,,,,,,,,,,,,,,,,,,,,,,,https://cdn.shopify.com/s/files/1/0707/7753/6680/files/blackformalw.jpg?v=1748511094,g,,700.00,,,,
womens-shoes,,,,,,,,,black,,,m,,,kids,,101,300.0,shopify,deny,manual,800.00,1800.00,true,true,,,,,"",,,,,,,,,,,,,,,,,,,,,,,,,,,,,,,,,,,,,,,,,,,,,,,,,,https://cdn.shopify.com/s/files/1/0707/7753/6680/files/blackformalw.jpg?v=1748511094,g,,700.00,,,,
womens-shoes,,,,,,,,,black,,,m,,,teens,,102,300.0,shopify,deny,manual,800.00,1800.00,true,true,,,,,"",,,,,,,,,,,,,,,,,,,,,,,,,,,,,,,,,,,,,,,,,,,,,,,,,,https://cdn.shopify.com/s/files/1/0707/7753/6680/files/blackformalw.jpg?v=1748511094,g,,700.00,,,,
womens-shoes,,,,,,,,,black,,,m,,,adults,,103,300.0,shopify,deny,manual,800.00,1800.00,true,true,,,,,"",,,,,,,,,,,,,,,,,,,,,,,,,,,,,,,,,,,,,,,,,,,,,,,,,,https://cdn.shopify.com/s/files/1/0707/7753/6680/files/blackformalw.jpg?v=1748511094,g,,700.00,,,,
womens-shoes,,,,,,,,,black,,,s,,,kids,,104,300.0,shopify,deny,manual,800.00,1800.00,true,true,,,,,"",,,,,,,,,,,,,,,,,,,,,,,,,,,,,,,,,,,,,,,,,,,,,,,,,,https://cdn.shopify.com/s/files/1/0707/7753/6680/files/blackformalw.jpg?v=1748511094,g,,700.00,,,,
womens-shoes,,,,,,,,,black,,,s,,,teens,,105,300.0,shopify,deny,manual,800.00,1800.00,true,true,,,,,"",,,,,,,,,,,,,,,,,,,,,,,,,,,,,,,,,,,,,,,,,,,,,,,,,,https://cdn.shopify.com/s/files/1/0707/7753/6680/files/blackformalw.jpg?v=1748511094,g,,700.00,,,,
womens-shoes,,,,,,,,,black,,,s,,,adults,,106,300.0,shopify,deny,manual,800.00,1800.00,true,true,,,,,"",,,,,,,,,,,,,,,,,,,,,,,,,,,,,,,,,,,,,,,,,,,,,,,,,,https://cdn.shopify.com/s/files/1/0707/7753/6680/files/blackformalw.jpg?v=1748511094,g,,700.00,,,,
womens-shoes,,,,,,,,,purple,,,l,,,kids,,107,300.0,shopify,deny,manual,800.00,1800.00,true,true,,,,,"",,,,,,,,,,,,,,,,,,,,,,,,,,,,,,,,,,,,,,,,,,,,,,,,,,https://cdn.shopify.com/s/files/1/0707/7753/6680/files/purplew.jpg?v=1748511094,g,,700.00,,,,
womens-shoes,,,,,,,,,purple,,,l,,,teens,,108,300.0,shopify,deny,manual,800.00,1800.00,true,true,,,,,"",,,,,,,,,,,,,,,,,,,,,,,,,,,,,,,,,,,,,,,,,,,,,,,,,,https://cdn.shopify.com/s/files/1/0707/7753/6680/files/purplew.jpg?v=1748511094,g,,700.00,,,,
womens-shoes,,,,,,,,,purple,,,l,,,adults,,109,300.0,shopify,deny,manual,800.00,1800.00,true,true,,,,,"",,,,,,,,,,,,,,,,,,,,,,,,,,,,,,,,,,,,,,,,,,,,,,,,,,https://cdn.shopify.com/s/files/1/0707/7753/6680/files/purplew.jpg?v=1748511094,g,,700.00,,,,
womens-shoes,,,,,,,,,purple,,,m,,,kids,,110,300.0,shopify,deny,manual,800.00,1800.00,true,true,,,,,"",,,,,,,,,,,,,,,,,,,,,,,,,,,,,,,,,,,,,,,,,,,,,,,,,,https://cdn.shopify.com/s/files/1/0707/7753/6680/files/purplew.jpg?v=1748511094,g,,700.00,,,,
womens-shoes,,,,,,,,,purple,,,m,,,teens,,111,300.0,shopify,deny,manual,800.00,1800.00,true,true,,,,,"",,,,,,,,,,,,,,,,,,,,,,,,,,,,,,,,,,,,,,,,,,,,,,,,,,https://cdn.shopify.com/s/files/1/0707/7753/6680/files/purplew.jpg?v=1748511094,g,,700.00,,,,
womens-shoes,,,,,,,,,purple,,,m,,,adults,,112,300.0,shopify,deny,manual,800.00,1800.00,true,true,,,,,"",,,,,,,,,,,,,,,,,,,,,,,,,,,,,,,,,,,,,,,,,,,,,,,,,,https://cdn.shopify.com/s/files/1/0707/7753/6680/files/purplew.jpg?v=1748511094,g,,700.00,,,,
womens-shoes,,,,,,,,,purple,,,s,,,kids,,113,300.0,shopify,deny,manual,800.00,1800.00,true,true,,,,,"",,,,,,,,,,,,,,,,,,,,,,,,,,,,,,,,,,,,,,,,,,,,,,,,,,https://cdn.shopify.com/s/files/1/0707/7753/6680/files/purplew.jpg?v=1748511094,g,,700.00,,,,
womens-shoes,,,,,,,,,purple,,,s,,,teens,,114,300.0,shopify,deny,manual,800.00,1800.00,true,true,,,,,"",,,,,,,,,,,,,,,,,,,,,,,,,,,,,,,,,,,,,,,,,,,,,,,,,,https://cdn.shopify.com/s/files/1/0707/7753/6680/files/purplew.jpg?v=1748511094,g,,700.00,,,,
womens-shoes,,,,,,,,,purple,,,s,,,adults,,115,300.0,shopify,deny,manual,800.00,1800.00,true,true,,,,,"",,,,,,,,,,,,,,,,,,,,,,,,,,,,,,,,,,,,,,,,,,,,,,,,,,https://cdn.shopify.com/s/files/1/0707/7753/6680/files/purplew.jpg?v=1748511094,g,,700.00,,,,
womens-cap,Women's Cap,"<p>Engineered specifically for women, this cap combines optimal sun protection with stylish design elements. The adjustable strap ensures a secure fit for various head sizes, while the breathable fabric wicks moisture during physical activities. Perfect for outdoor adventures, casual outings, or athletic pursuits.</p>",bahadur-startbit,Apparel & Accessories > Clothing Accessories > Hats > Baseball Caps,"","",true,Color,black,product.metafields.shopify.color-pattern,Accessory size,l,product.metafields.shopify.accessory-size,Fabric,polyester,product.metafields.shopify.fabric,250,150.0,shopify,deny,manual,650.00,900.00,true,true,,,,,"",https://cdn.shopify.com/s/files/1/0707/7753/6680/files/redcapw.jpg?v=1748510767,1,"",false,,,,,,,,Delivered,🚚 Order within the next {{ countdown }} for delivery by {{ deliverydate }}.,Estimated arrival,Estimated dispatch,Order placed,,,,,,,,l; m; s,adults; teens,,,,,,black; brown; red,polyester; cotton,,,adjustable-fit; uv-protection,,,,,,,,female,,,,,,,https://cdn.shopify.com/s/files/1/0707/7753/6680/files/womenblackcap.jpg?v=1748510767,g,,400.00,true,,,active
womens-cap,,,,,,,,,black,,,l,,,cotton,,251,150.0,shopify,deny,manual,650.00,900.00,true,true,,,,,"",https://cdn.shopify.com/s/files/1/0707/7753/6680/files/browncamw.jpg?v=1748510767,2,"",,,,,,,,,,,,,,,,,,,,,,,,,,,,,,,,,,,,,,,,,,,,,,,https://cdn.shopify.com/s/files/1/0707/7753/6680/files/redcapw.jpg?v=1748510767,g,,400.00,,,,
womens-cap,,,,,,,,,black,,,m,,,polyester,,252,150.0,shopify,deny,manual,650.00,900.00,true,true,,,,,"",https://cdn.shopify.com/s/files/1/0707/7753/6680/files/womenblackcap.jpg?v=1748510767,3,"",,,,,,,,,,,,,,,,,,,,,,,,,,,,,,,,,,,,,,,,,,,,,,,https://cdn.shopify.com/s/files/1/0707/7753/6680/files/browncamw.jpg?v=1748510767,g,,400.00,,,,
womens-cap,,,,,,,,,black,,,m,,,cotton,,253,150.0,shopify,deny,manual,650.00,900.00,true,true,,,,,"",,,,,,,,,,,,,,,,,,,,,,,,,,,,,,,,,,,,,,,,,,,,,,,,,,https://cdn.shopify.com/s/files/1/0707/7753/6680/files/redcapw.jpg?v=1748510767,g,,400.00,,,,
womens-cap,,,,,,,,,black,,,s,,,polyester,,254,150.0,shopify,deny,manual,650.00,900.00,true,true,,,,,"",,,,,,,,,,,,,,,,,,,,,,,,,,,,,,,,,,,,,,,,,,,,,,,,,,https://cdn.shopify.com/s/files/1/0707/7753/6680/files/redcapw.jpg?v=1748510767,g,,400.00,,,,
womens-cap,,,,,,,,,black,,,s,,,cotton,,255,150.0,shopify,deny,manual,650.00,900.00,true,true,,,,,"",,,,,,,,,,,,,,,,,,,,,,,,,,,,,,,,,,,,,,,,,,,,,,,,,,https://cdn.shopify.com/s/files/1/0707/7753/6680/files/redcapw.jpg?v=1748510767,g,,400.00,,,,
womens-cap,,,,,,,,,brown,,,l,,,polyester,,256,150.0,shopify,deny,manual,650.00,900.00,true,true,,,,,"",,,,,,,,,,,,,,,,,,,,,,,,,,,,,,,,,,,,,,,,,,,,,,,,,,https://cdn.shopify.com/s/files/1/0707/7753/6680/files/browncamw.jpg?v=1748510767,g,,400.00,,,,
womens-cap,,,,,,,,,brown,,,l,,,cotton,,257,150.0,shopify,deny,manual,650.00,900.00,true,true,,,,,"",,,,,,,,,,,,,,,,,,,,,,,,,,,,,,,,,,,,,,,,,,,,,,,,,,https://cdn.shopify.com/s/files/1/0707/7753/6680/files/redcapw.jpg?v=1748510767,g,,400.00,,,,
womens-cap,,,,,,,,,brown,,,m,,,polyester,,258,150.0,shopify,deny,manual,650.00,900.00,true,true,,,,,"",,,,,,,,,,,,,,,,,,,,,,,,,,,,,,,,,,,,,,,,,,,,,,,,,,https://cdn.shopify.com/s/files/1/0707/7753/6680/files/browncamw.jpg?v=1748510767,g,,400.00,,,,
womens-cap,,,,,,,,,brown,,,m,,,cotton,,259,150.0,shopify,deny,manual,650.00,900.00,true,true,,,,,"",,,,,,,,,,,,,,,,,,,,,,,,,,,,,,,,,,,,,,,,,,,,,,,,,,https://cdn.shopify.com/s/files/1/0707/7753/6680/files/redcapw.jpg?v=1748510767,g,,400.00,,,,
womens-cap,,,,,,,,,brown,,,s,,,polyester,,260,150.0,shopify,deny,manual,650.00,900.00,true,true,,,,,"",,,,,,,,,,,,,,,,,,,,,,,,,,,,,,,,,,,,,,,,,,,,,,,,,,https://cdn.shopify.com/s/files/1/0707/7753/6680/files/redcapw.jpg?v=1748510767,g,,400.00,,,,
womens-cap,,,,,,,,,brown,,,s,,,cotton,,261,150.0,shopify,deny,manual,650.00,900.00,true,true,,,,,"",,,,,,,,,,,,,,,,,,,,,,,,,,,,,,,,,,,,,,,,,,,,,,,,,,https://cdn.shopify.com/s/files/1/0707/7753/6680/files/redcapw.jpg?v=1748510767,g,,400.00,,,,
womens-cap,,,,,,,,,red,,,l,,,polyester,,262,150.0,shopify,deny,manual,650.00,900.00,true,true,,,,,"",,,,,,,,,,,,,,,,,,,,,,,,,,,,,,,,,,,,,,,,,,,,,,,,,,https://cdn.shopify.com/s/files/1/0707/7753/6680/files/redcapw.jpg?v=1748510767,g,,400.00,,,,
womens-cap,,,,,,,,,red,,,l,,,cotton,,263,150.0,shopify,deny,manual,650.00,900.00,true,true,,,,,"",,,,,,,,,,,,,,,,,,,,,,,,,,,,,,,,,,,,,,,,,,,,,,,,,,https://cdn.shopify.com/s/files/1/0707/7753/6680/files/redcapw.jpg?v=1748510767,g,,400.00,,,,
womens-cap,,,,,,,,,red,,,m,,,polyester,,264,150.0,shopify,deny,manual,650.00,900.00,true,true,,,,,"",,,,,,,,,,,,,,,,,,,,,,,,,,,,,,,,,,,,,,,,,,,,,,,,,,https://cdn.shopify.com/s/files/1/0707/7753/6680/files/browncamw.jpg?v=1748510767,g,,400.00,,,,
womens-cap,,,,,,,,,red,,,m,,,cotton,,265,150.0,shopify,deny,manual,650.00,900.00,true,true,,,,,"",,,,,,,,,,,,,,,,,,,,,,,,,,,,,,,,,,,,,,,,,,,,,,,,,,https://cdn.shopify.com/s/files/1/0707/7753/6680/files/redcapw.jpg?v=1748510767,g,,400.00,,,,
womens-cap,,,,,,,,,red,,,s,,,polyester,,266,150.0,shopify,deny,manual,650.00,900.00,true,true,,,,,"",,,,,,,,,,,,,,,,,,,,,,,,,,,,,,,,,,,,,,,,,,,,,,,,,,https://cdn.shopify.com/s/files/1/0707/7753/6680/files/redcapw.jpg?v=1748510767,g,,400.00,,,,
womens-cap,,,,,,,,,red,,,s,,,cotton,,267,150.0,shopify,deny,manual,650.00,900.00,true,true,,,,,"",,,,,,,,,,,,,,,,,,,,,,,,,,,,,,,,,,,,,,,,,,,,,,,,,,https://cdn.shopify.com/s/files/1/0707/7753/6680/files/redcapw.jpg?v=1748510767,g,,400.00,,,,
mens-cap,Men's Cap,"<p>This premium men's cap combines durability with sophisticated design. Constructed from high-quality materials, it features an adjustable strap for customized fit and moisture-wicking technology to keep you comfortable throughout the day. Ideal for both casual outings and athletic activities.</p>",bahadur-startbit,Apparel & Accessories > Clothing Accessories > Hats > Baseball Caps,"","",true,Color,blue,product.metafields.shopify.color-pattern,Accessory size,m,product.metafields.shopify.accessory-size,Fabric,polyester,product.metafields.shopify.fabric,180,150.0,shopify,deny,manual,500.00,12000.00,true,true,,,,,"",https://cdn.shopify.com/s/files/1/0707/7753/6680/files/bluecap.jpg?v=1748510264,1,"",false,,,,,,,,Delivered,🚚 Order within the next {{ countdown }} for delivery by {{ deliverydate }}.,Estimated arrival,Estimated dispatch,Order placed,,,,,,,,m; l,adults,,,,,,blue; black; red,polyester; cotton; faux-leather,,,adjustable-fit,,,,,,,,male,,,,,,,https://cdn.shopify.com/s/files/1/0707/7753/6680/files/bluecap.jpg?v=1748510264,g,,300.00,true,,,active
mens-cap,,,,,,,,,blue,,,m,,,cotton,,181,150.0,shopify,deny,manual,500.00,12000.00,true,true,,,,,"",https://cdn.shopify.com/s/files/1/0707/7753/6680/files/redCap.jpg?v=1748510264,2,"",,,,,,,,,,,,,,,,,,,,,,,,,,,,,,,,,,,,,,,,,,,,,,,https://cdn.shopify.com/s/files/1/0707/7753/6680/files/bluecap.jpg?v=1748510264,g,,300.00,,,,
mens-cap,,,,,,,,,blue,,,m,,,faux-leather,,182,150.0,shopify,deny,manual,500.00,12000.00,true,true,,,,,"",https://cdn.shopify.com/s/files/1/0707/7753/6680/files/blackCap.jpg?v=1748510264,3,"",,,,,,,,,,,,,,,,,,,,,,,,,,,,,,,,,,,,,,,,,,,,,,,https://cdn.shopify.com/s/files/1/0707/7753/6680/files/blackCap.jpg?v=1748510264,g,,300.00,,,,
mens-cap,,,,,,,,,blue,,,l,,,polyester,,183,150.0,shopify,deny,manual,500.00,12000.00,true,true,,,,,"",,,,,,,,,,,,,,,,,,,,,,,,,,,,,,,,,,,,,,,,,,,,,,,,,,https://cdn.shopify.com/s/files/1/0707/7753/6680/files/bluecap.jpg?v=1748510264,g,,300.00,,,,
mens-cap,,,,,,,,,blue,,,l,,,cotton,,184,150.0,shopify,deny,manual,500.00,12000.00,true,true,,,,,"",,,,,,,,,,,,,,,,,,,,,,,,,,,,,,,,,,,,,,,,,,,,,,,,,,https://cdn.shopify.com/s/files/1/0707/7753/6680/files/bluecap.jpg?v=1748510264,g,,300.00,,,,
mens-cap,,,,,,,,,blue,,,l,,,faux-leather,,185,150.0,shopify,deny,manual,500.00,12000.00,true,true,,,,,"",,,,,,,,,,,,,,,,,,,,,,,,,,,,,,,,,,,,,,,,,,,,,,,,,,https://cdn.shopify.com/s/files/1/0707/7753/6680/files/blackCap.jpg?v=1748510264,g,,300.00,,,,
mens-cap,,,,,,,,,black,,,m,,,polyester,,186,150.0,shopify,deny,manual,500.00,12000.00,true,true,,,,,"",,,,,,,,,,,,,,,,,,,,,,,,,,,,,,,,,,,,,,,,,,,,,,,,,,https://cdn.shopify.com/s/files/1/0707/7753/6680/files/blackCap.jpg?v=1748510264,g,,300.00,,,,
mens-cap,,,,,,,,,black,,,m,,,cotton,,187,150.0,shopify,deny,manual,500.00,12000.00,true,true,,,,,"",,,,,,,,,,,,,,,,,,,,,,,,,,,,,,,,,,,,,,,,,,,,,,,,,,https://cdn.shopify.com/s/files/1/0707/7753/6680/files/bluecap.jpg?v=1748510264,g,,300.00,,,,
mens-cap,,,,,,,,,black,,,m,,,faux-leather,,188,150.0,shopify,deny,manual,500.00,12000.00,true,true,,,,,"",,,,,,,,,,,,,,,,,,,,,,,,,,,,,,,,,,,,,,,,,,,,,,,,,,https://cdn.shopify.com/s/files/1/0707/7753/6680/files/blackCap.jpg?v=1748510264,g,,300.00,,,,
mens-cap,,,,,,,,,black,,,l,,,polyester,,189,150.0,shopify,deny,manual,500.00,12000.00,true,true,,,,,"",,,,,,,,,,,,,,,,,,,,,,,,,,,,,,,,,,,,,,,,,,,,,,,,,,https://cdn.shopify.com/s/files/1/0707/7753/6680/files/blackCap.jpg?v=1748510264,g,,300.00,,,,
mens-cap,,,,,,,,,black,,,l,,,cotton,,190,150.0,shopify,deny,manual,500.00,12000.00,true,true,,,,,"",,,,,,,,,,,,,,,,,,,,,,,,,,,,,,,,,,,,,,,,,,,,,,,,,,https://cdn.shopify.com/s/files/1/0707/7753/6680/files/bluecap.jpg?v=1748510264,g,,300.00,,,,
mens-cap,,,,,,,,,black,,,l,,,faux-leather,,191,150.0,shopify,deny,manual,500.00,12000.00,true,true,,,,,"",,,,,,,,,,,,,,,,,,,,,,,,,,,,,,,,,,,,,,,,,,,,,,,,,,https://cdn.shopify.com/s/files/1/0707/7753/6680/files/blackCap.jpg?v=1748510264,g,,300.00,,,,
mens-cap,,,,,,,,,red,,,m,,,polyester,,192,150.0,shopify,deny,manual,500.00,12000.00,true,true,,,,,"",,,,,,,,,,,,,,,,,,,,,,,,,,,,,,,,,,,,,,,,,,,,,,,,,,https://cdn.shopify.com/s/files/1/0707/7753/6680/files/redCap.jpg?v=1748510264,g,,300.00,,,,
mens-cap,,,,,,,,,red,,,m,,,cotton,,193,150.0,shopify,deny,manual,500.00,12000.00,true,true,,,,,"",,,,,,,,,,,,,,,,,,,,,,,,,,,,,,,,,,,,,,,,,,,,,,,,,,https://cdn.shopify.com/s/files/1/0707/7753/6680/files/bluecap.jpg?v=1748510264,g,,300.00,,,,
mens-cap,,,,,,,,,red,,,m,,,faux-leather,,194,150.0,shopify,deny,manual,500.00,12000.00,true,true,,,,,"",,,,,,,,,,,,,,,,,,,,,,,,,,,,,,,,,,,,,,,,,,,,,,,,,,https://cdn.shopify.com/s/files/1/0707/7753/6680/files/blackCap.jpg?v=1748510264,g,,300.00,,,,
mens-cap,,,,,,,,,red,,,l,,,polyester,,195,150.0,shopify,deny,manual,500.00,12000.00,true,true,,,,,"",,,,,,,,,,,,,,,,,,,,,,,,,,,,,,,,,,,,,,,,,,,,,,,,,,https://cdn.shopify.com/s/files/1/0707/7753/6680/files/redCap.jpg?v=1748510264,g,,300.00,,,,
mens-cap,,,,,,,,,red,,,l,,,cotton,,196,150.0,shopify,deny,manual,500.00,12000.00,true,true,,,,,"",,,,,,,,,,,,,,,,,,,,,,,,,,,,,,,,,,,,,,,,,,,,,,,,,,https://cdn.shopify.com/s/files/1/0707/7753/6680/files/bluecap.jpg?v=1748510264,g,,300.00,,,,
mens-cap,,,,,,,,,red,,,l,,,faux-leather,,197,150.0,shopify,deny,manual,500.00,12000.00,true,true,,,,,"",,,,,,,,,,,,,,,,,,,,,,,,,,,,,,,,,,,,,,,,,,,,,,,,,,https://cdn.shopify.com/s/files/1/0707/7753/6680/files/blackCap.jpg?v=1748510264,g,,300.00,,,,
mens-trouser,Men's Trouser,"<p>Expertly tailored men's trousers designed for superior comfort and durability. Featuring a precision cut that ensures an impeccable fit, these versatile pants transition seamlessly from professional settings to casual occasions. The premium fabric blend maintains shape while providing all-day comfort and ease of movement.</p>",bahadur-startbit,Apparel & Accessories > Clothing > Pants > Trousers,"","",true,Color,green,product.metafields.shopify.color-pattern,Size,xl,product.metafields.shopify.size,Fabric,cotton,product.metafields.shopify.fabric,1120,500.0,shopify,deny,manual,1500.00,2500.00,true,true,,,,,"",https://cdn.shopify.com/s/files/1/0707/7753/6680/files/GreenTrouser.jpg?v=1748509518,1,"",false,,,,,,,,Delivered,🚚 Order within the next {{ countdown }} for delivery by {{ deliverydate }}.,Estimated arrival,Estimated dispatch,Order placed,,,,,,,,,adults,,,,,,green; black; brown,cotton; angora; bamboo,,,,,,,,,xl; l; m,,male,,,,,,,https://cdn.shopify.com/s/files/1/0707/7753/6680/files/GreenTrouser.jpg?v=1748509518,g,,1000.00,true,,,active
mens-trouser,,,,,,,,,green,,,xl,,,angora,,1121,500.0,shopify,deny,manual,1500.00,2500.00,true,true,,,,,"",https://cdn.shopify.com/s/files/1/0707/7753/6680/files/blackTrouser.jpg?v=1748509518,2,"",,,,,,,,,,,,,,,,,,,,,,,,,,,,,,,,,,,,,,,,,,,,,,,https://cdn.shopify.com/s/files/1/0707/7753/6680/files/browTrouser.jpg?v=1748509518,g,,1000.00,,,,
mens-trouser,,,,,,,,,green,,,xl,,,bamboo,,1122,500.0,shopify,deny,manual,1500.00,2500.00,true,true,,,,,"",https://cdn.shopify.com/s/files/1/0707/7753/6680/files/browTrouser.jpg?v=1748509518,3,"",,,,,,,,,,,,,,,,,,,,,,,,,,,,,,,,,,,,,,,,,,,,,,,https://cdn.shopify.com/s/files/1/0707/7753/6680/files/blackTrouser.jpg?v=1748509518,g,,1000.00,,,,
mens-trouser,,,,,,,,,green,,,l,,,cotton,,1123,500.0,shopify,deny,manual,1500.00,2500.00,true,true,,,,,"",,,,,,,,,,,,,,,,,,,,,,,,,,,,,,,,,,,,,,,,,,,,,,,,,,https://cdn.shopify.com/s/files/1/0707/7753/6680/files/browTrouser.jpg?v=1748509518,g,,1000.00,,,,
mens-trouser,,,,,,,,,green,,,l,,,angora,,1124,500.0,shopify,deny,manual,1500.00,2500.00,true,true,,,,,"",,,,,,,,,,,,,,,,,,,,,,,,,,,,,,,,,,,,,,,,,,,,,,,,,,https://cdn.shopify.com/s/files/1/0707/7753/6680/files/browTrouser.jpg?v=1748509518,g,,1000.00,,,,
mens-trouser,,,,,,,,,green,,,l,,,bamboo,,1125,500.0,shopify,deny,manual,1500.00,2500.00,true,true,,,,,"",,,,,,,,,,,,,,,,,,,,,,,,,,,,,,,,,,,,,,,,,,,,,,,,,,https://cdn.shopify.com/s/files/1/0707/7753/6680/files/blackTrouser.jpg?v=1748509518,g,,1000.00,,,,
mens-trouser,,,,,,,,,green,,,m,,,cotton,,1126,500.0,shopify,deny,manual,1500.00,2500.00,true,true,,,,,"",,,,,,,,,,,,,,,,,,,,,,,,,,,,,,,,,,,,,,,,,,,,,,,,,,https://cdn.shopify.com/s/files/1/0707/7753/6680/files/blackTrouser.jpg?v=1748509518,g,,1000.00,,,,
mens-trouser,,,,,,,,,green,,,m,,,angora,,1127,500.0,shopify,deny,manual,1500.00,2500.00,true,true,,,,,"",,,,,,,,,,,,,,,,,,,,,,,,,,,,,,,,,,,,,,,,,,,,,,,,,,https://cdn.shopify.com/s/files/1/0707/7753/6680/files/browTrouser.jpg?v=1748509518,g,,1000.00,,,,
mens-trouser,,,,,,,,,green,,,m,,,bamboo,,1128,500.0,shopify,deny,manual,1500.00,2500.00,true,true,,,,,"",,,,,,,,,,,,,,,,,,,,,,,,,,,,,,,,,,,,,,,,,,,,,,,,,,https://cdn.shopify.com/s/files/1/0707/7753/6680/files/blackTrouser.jpg?v=1748509518,g,,1000.00,,,,
mens-trouser,,,,,,,,,black,,,xl,,,cotton,,1129,500.0,shopify,deny,manual,1500.00,2500.00,true,true,,,,,"",,,,,,,,,,,,,,,,,,,,,,,,,,,,,,,,,,,,,,,,,,,,,,,,,,https://cdn.shopify.com/s/files/1/0707/7753/6680/files/blackTrouser.jpg?v=1748509518,g,,1000.00,,,,
mens-trouser,,,,,,,,,black,,,xl,,,angora,,1130,500.0,shopify,deny,manual,1500.00,2500.00,true,true,,,,,"",,,,,,,,,,,,,,,,,,,,,,,,,,,,,,,,,,,,,,,,,,,,,,,,,,https://cdn.shopify.com/s/files/1/0707/7753/6680/files/browTrouser.jpg?v=1748509518,g,,1000.00,,,,
mens-trouser,,,,,,,,,black,,,xl,,,bamboo,,1131,500.0,shopify,deny,manual,1500.00,2500.00,true,true,,,,,"",,,,,,,,,,,,,,,,,,,,,,,,,,,,,,,,,,,,,,,,,,,,,,,,,,https://cdn.shopify.com/s/files/1/0707/7753/6680/files/blackTrouser.jpg?v=1748509518,g,,1000.00,,,,
mens-trouser,,,,,,,,,black,,,l,,,cotton,,1132,500.0,shopify,deny,manual,1500.00,2500.00,true,true,,,,,"",,,,,,,,,,,,,,,,,,,,,,,,,,,,,,,,,,,,,,,,,,,,,,,,,,https://cdn.shopify.com/s/files/1/0707/7753/6680/files/browTrouser.jpg?v=1748509518,g,,1000.00,,,,
mens-trouser,,,,,,,,,black,,,l,,,angora,,1133,500.0,shopify,deny,manual,1500.00,2500.00,true,true,,,,,"",,,,,,,,,,,,,,,,,,,,,,,,,,,,,,,,,,,,,,,,,,,,,,,,,,https://cdn.shopify.com/s/files/1/0707/7753/6680/files/browTrouser.jpg?v=1748509518,g,,1000.00,,,,
mens-trouser,,,,,,,,,black,,,l,,,bamboo,,1134,500.0,shopify,deny,manual,1500.00,2500.00,true,true,,,,,"",,,,,,,,,,,,,,,,,,,,,,,,,,,,,,,,,,,,,,,,,,,,,,,,,,https://cdn.shopify.com/s/files/1/0707/7753/6680/files/blackTrouser.jpg?v=1748509518,g,,1000.00,,,,
mens-trouser,,,,,,,,,black,,,m,,,cotton,,1135,500.0,shopify,deny,manual,1500.00,2500.00,true,true,,,,,"",,,,,,,,,,,,,,,,,,,,,,,,,,,,,,,,,,,,,,,,,,,,,,,,,,https://cdn.shopify.com/s/files/1/0707/7753/6680/files/blackTrouser.jpg?v=1748509518,g,,1000.00,,,,
mens-trouser,,,,,,,,,black,,,m,,,angora,,1136,500.0,shopify,deny,manual,1500.00,2500.00,true,true,,,,,"",,,,,,,,,,,,,,,,,,,,,,,,,,,,,,,,,,,,,,,,,,,,,,,,,,https://cdn.shopify.com/s/files/1/0707/7753/6680/files/browTrouser.jpg?v=1748509518,g,,1000.00,,,,
mens-trouser,,,,,,,,,black,,,m,,,bamboo,,1137,500.0,shopify,deny,manual,1500.00,2500.00,true,true,,,,,"",,,,,,,,,,,,,,,,,,,,,,,,,,,,,,,,,,,,,,,,,,,,,,,,,,https://cdn.shopify.com/s/files/1/0707/7753/6680/files/blackTrouser.jpg?v=1748509518,g,,1000.00,,,,
mens-trouser,,,,,,,,,brown,,,xl,,,cotton,,1138,500.0,shopify,deny,manual,1500.00,2500.00,true,true,,,,,"",,,,,,,,,,,,,,,,,,,,,,,,,,,,,,,,,,,,,,,,,,,,,,,,,,https://cdn.shopify.com/s/files/1/0707/7753/6680/files/browTrouser.jpg?v=1748509518,g,,1000.00,,,,
mens-trouser,,,,,,,,,brown,,,xl,,,angora,,1139,500.0,shopify,deny,manual,1500.00,2500.00,true,true,,,,,"",,,,,,,,,,,,,,,,,,,,,,,,,,,,,,,,,,,,,,,,,,,,,,,,,,https://cdn.shopify.com/s/files/1/0707/7753/6680/files/browTrouser.jpg?v=1748509518,g,,1000.00,,,,
mens-trouser,,,,,,,,,brown,,,xl,,,bamboo,,1140,500.0,shopify,deny,manual,1500.00,2500.00,true,true,,,,,"",,,,,,,,,,,,,,,,,,,,,,,,,,,,,,,,,,,,,,,,,,,,,,,,,,https://cdn.shopify.com/s/files/1/0707/7753/6680/files/blackTrouser.jpg?v=1748509518,g,,1000.00,,,,
mens-trouser,,,,,,,,,brown,,,l,,,cotton,,1141,500.0,shopify,deny,manual,1500.00,2500.00,true,true,,,,,"",,,,,,,,,,,,,,,,,,,,,,,,,,,,,,,,,,,,,,,,,,,,,,,,,,https://cdn.shopify.com/s/files/1/0707/7753/6680/files/browTrouser.jpg?v=1748509518,g,,1000.00,,,,
mens-trouser,,,,,,,,,brown,,,l,,,angora,,1142,500.0,shopify,deny,manual,1500.00,2500.00,true,true,,,,,"",,,,,,,,,,,,,,,,,,,,,,,,,,,,,,,,,,,,,,,,,,,,,,,,,,https://cdn.shopify.com/s/files/1/0707/7753/6680/files/browTrouser.jpg?v=1748509518,g,,1000.00,,,,
mens-trouser,,,,,,,,,brown,,,l,,,bamboo,,1143,500.0,shopify,deny,manual,1500.00,2500.00,true,true,,,,,"",,,,,,,,,,,,,,,,,,,,,,,,,,,,,,,,,,,,,,,,,,,,,,,,,,https://cdn.shopify.com/s/files/1/0707/7753/6680/files/blackTrouser.jpg?v=1748509518,g,,1000.00,,,,
mens-trouser,,,,,,,,,brown,,,m,,,cotton,,1144,500.0,shopify,deny,manual,1500.00,2500.00,true,true,,,,,"",,,,,,,,,,,,,,,,,,,,,,,,,,,,,,,,,,,,,,,,,,,,,,,,,,https://cdn.shopify.com/s/files/1/0707/7753/6680/files/blackTrouser.jpg?v=1748509518,g,,1000.00,,,,
mens-trouser,,,,,,,,,brown,,,m,,,angora,,1145,500.0,shopify,deny,manual,1500.00,2500.00,true,true,,,,,"",,,,,,,,,,,,,,,,,,,,,,,,,,,,,,,,,,,,,,,,,,,,,,,,,,https://cdn.shopify.com/s/files/1/0707/7753/6680/files/browTrouser.jpg?v=1748509518,g,,1000.00,,,,
mens-trouser,,,,,,,,,brown,,,m,,,bamboo,,1146,500.0,shopify,deny,manual,1500.00,2500.00,true,true,,,,,"",,,,,,,,,,,,,,,,,,,,,,,,,,,,,,,,,,,,,,,,,,,,,,,,,,https://cdn.shopify.com/s/files/1/0707/7753/6680/files/blackTrouser.jpg?v=1748509518,g,,1000.00,,,,
mens-watch,Men's Watch,"<p>Precision-engineered timepiece designed specifically for men who value both functionality and style. Features a durable construction with reliable movement mechanism, water-resistant casing, and ergonomic design. The perfect balance of sophisticated aesthetics and practical timekeeping for everyday wear or special occasions.</p>",bahadur-startbit,Apparel & Accessories > Jewelry > Watches,"","",true,Band color,blue,product.metafields.shopify.band-color,Age group,adults,product.metafields.shopify.age-group,brand,fastrack,,1080,200.0,shopify,deny,manual,2500.00,5000.00,true,true,,,,,"",https://cdn.shopify.com/s/files/1/0707/7753/6680/files/bluewatch.jpg?v=1748509081,1,"",false,,,,,,,,Delivered,🚚 Order within the next {{ countdown }} for delivery by {{ deliverydate }}.,Estimated arrival,Estimated dispatch,Order placed,,,,,,,,,adults; teens,,blue; black; brown,,,,,,,,,,,,,,,,male,,analog,waterproof,,,,https://cdn.shopify.com/s/files/1/0707/7753/6680/files/bluewatch.jpg?v=1748509081,g,,2000.00,true,,,active
mens-watch,,,,,,,,,blue,,,teens,,,fastrack,,1081,200.0,shopify,deny,manual,2000.00,5000.00,true,true,,,,,"",https://cdn.shopify.com/s/files/1/0707/7753/6680/files/blackwatch.jpg?v=1748509081,2,"",,,,,,,,,,,,,,,,,,,,,,,,,,,,,,,,,,,,,,,,,,,,,,,,g,,2000.00,,,,
mens-watch,,,,,,,,,black,,,adults,,,fastrack,,1082,200.0,shopify,deny,manual,2500.00,5000.00,true,true,,,,,"",https://cdn.shopify.com/s/files/1/0707/7753/6680/files/brownwatch.jpg?v=1748509081,3,"",,,,,,,,,,,,,,,,,,,,,,,,,,,,,,,,,,,,,,,,,,,,,,,https://cdn.shopify.com/s/files/1/0707/7753/6680/files/blackwatch.jpg?v=1748509081,g,,2000.00,,,,
mens-watch,,,,,,,,,black,,,teens,,,fastrack,,1083,200.0,shopify,deny,manual,2000.00,5000.00,true,true,,,,,"",,,,,,,,,,,,,,,,,,,,,,,,,,,,,,,,,,,,,,,,,,,,,,,,,,,g,,2000.00,,,,
mens-watch,,,,,,,,,brown,,,adults,,,fastrack,,1084,200.0,shopify,deny,manual,2500.00,5000.00,true,true,,,,,"",,,,,,,,,,,,,,,,,,,,,,,,,,,,,,,,,,,,,,,,,,,,,,,,,,https://cdn.shopify.com/s/files/1/0707/7753/6680/files/brownwatch.jpg?v=1748509081,g,,2000.00,,,,
mens-watch,,,,,,,,,brown,,,teens,,,fastrack,,1085,200.0,shopify,deny,manual,2000.00,5000.00,true,true,,,,,"",,,,,,,,,,,,,,,,,,,,,,,,,,,,,,,,,,,,,,,,,,,,,,,,,,,g,,2000.00,,,,
mens-tshirt,mens tshirt,"<p>This premium men's t-shirt combines durability with comfort, featuring a tailored fit and high-quality fabric that maintains its shape after multiple washes. The versatile design transitions seamlessly from casual outings to relaxed office environments, making it an essential addition to any modern wardrobe.</p>",bahadur-startbit,Apparel & Accessories > Clothing > Clothing Tops > T-Shirts,"","",true,Color,blue,product.metafields.shopify.color-pattern,Size,l,product.metafields.shopify.size,brand,A+,,1042,100.0,shopify,deny,manual,400.00,700.00,true,true,,,,,"",https://cdn.shopify.com/s/files/1/0707/7753/6680/files/tshirtblue_51ab5cea-8baa-4d6a-b848-e59dd1ec8418.jpg?v=1748508267,1,"",false,,,,,,,,Delivered,🚚 Order within the next {{ countdown }} for delivery by {{ deliverydate }}.,Estimated arrival,Estimated dispatch,Order placed,,,,,,,,,adults,,,,,,blue; white; black,cotton,,,,crew,,,,,one-size; l; xl; m,short,male,medium,,,,,,,g,,300.00,true,,,active
mens-tshirt,,,,,,,,,blue,,,l,,,aaa,,1043,100.0,shopify,deny,manual,400.00,700.00,true,true,,,,,"",https://cdn.shopify.com/s/files/1/0707/7753/6680/files/tshirtwhite_684c50e7-f094-4b9a-a159-e80522f4d2d2.jpg?v=1748508267,2,"",,,,,,,,,,,,,,,,,,,,,,,,,,,,,,,,,,,,,,,,,,,,,,,,g,,300.00,,,,
mens-tshirt,,,,,,,,,blue,,,xl,,,A+,,1044,100.0,shopify,deny,manual,400.00,700.00,true,true,,,,,"",https://cdn.shopify.com/s/files/1/0707/7753/6680/files/tshirtblack_ead3b717-2fa2-499a-a547-e1787556f65a.jpg?v=1748508267,3,"",,,,,,,,,,,,,,,,,,,,,,,,,,,,,,,,,,,,,,,,,,,,,,,,g,,300.00,,,,
mens-tshirt,,,,,,,,,blue,,,xl,,,aaa,,1045,100.0,shopify,deny,manual,400.00,700.00,true,true,,,,,"",,,,,,,,,,,,,,,,,,,,,,,,,,,,,,,,,,,,,,,,,,,,,,,,,,,g,,300.00,,,,
mens-tshirt,,,,,,,,,blue,,,m,,,A+,,1046,100.0,shopify,deny,manual,400.00,700.00,true,true,,,,,"",,,,,,,,,,,,,,,,,,,,,,,,,,,,,,,,,,,,,,,,,,,,,,,,,,,g,,300.00,,,,
mens-tshirt,,,,,,,,,blue,,,m,,,aaa,,1047,100.0,shopify,deny,manual,400.00,700.00,true,true,,,,,"",,,,,,,,,,,,,,,,,,,,,,,,,,,,,,,,,,,,,,,,,,,,,,,,,,,g,,300.00,,,,
mens-tshirt,,,,,,,,,white,,,l,,,A+,,1050,100.0,shopify,deny,manual,400.00,700.00,true,true,,,,,"",,,,,,,,,,,,,,,,,,,,,,,,,,,,,,,,,,,,,,,,,,,,,,,,,,,g,,300.00,,,,
mens-tshirt,,,,,,,,,white,,,l,,,aaa,,1051,100.0,shopify,deny,manual,400.00,700.00,true,true,,,,,"",,,,,,,,,,,,,,,,,,,,,,,,,,,,,,,,,,,,,,,,,,,,,,,,,,,g,,300.00,,,,
mens-tshirt,,,,,,,,,white,,,xl,,,A+,,1052,100.0,shopify,deny,manual,400.00,700.00,true,true,,,,,"",,,,,,,,,,,,,,,,,,,,,,,,,,,,,,,,,,,,,,,,,,,,,,,,,,,g,,300.00,,,,
mens-tshirt,,,,,,,,,white,,,xl,,,aaa,,1053,100.0,shopify,deny,manual,400.00,700.00,true,true,,,,,"",,,,,,,,,,,,,,,,,,,,,,,,,,,,,,,,,,,,,,,,,,,,,,,,,,,g,,300.00,,,,
mens-tshirt,,,,,,,,,white,,,m,,,A+,,1054,100.0,shopify,deny,manual,400.00,700.00,true,true,,,,,"",,,,,,,,,,,,,,,,,,,,,,,,,,,,,,,,,,,,,,,,,,,,,,,,,,,g,,300.00,,,,
mens-tshirt,,,,,,,,,white,,,m,,,aaa,,1055,100.0,shopify,deny,manual,400.00,700.00,true,true,,,,,"",,,,,,,,,,,,,,,,,,,,,,,,,,,,,,,,,,,,,,,,,,,,,,,,,,,g,,300.00,,,,
mens-tshirt,,,,,,,,,black,,,l,,,A+,,1058,100.0,shopify,deny,manual,400.00,700.00,true,true,,,,,"",,,,,,,,,,,,,,,,,,,,,,,,,,,,,,,,,,,,,,,,,,,,,,,,,,,g,,300.00,,,,
mens-tshirt,,,,,,,,,black,,,l,,,aaa,,1059,100.0,shopify,deny,manual,400.00,700.00,true,true,,,,,"",,,,,,,,,,,,,,,,,,,,,,,,,,,,,,,,,,,,,,,,,,,,,,,,,,,g,,300.00,,,,
mens-tshirt,,,,,,,,,black,,,xl,,,A+,,1060,100.0,shopify,deny,manual,400.00,700.00,true,true,,,,,"",,,,,,,,,,,,,,,,,,,,,,,,,,,,,,,,,,,,,,,,,,,,,,,,,,,g,,300.00,,,,
mens-tshirt,,,,,,,,,black,,,xl,,,aaa,,1061,100.0,shopify,deny,manual,400.00,700.00,true,true,,,,,"",,,,,,,,,,,,,,,,,,,,,,,,,,,,,,,,,,,,,,,,,,,,,,,,,,,g,,300.00,,,,
mens-tshirt,,,,,,,,,black,,,m,,,A+,,1062,100.0,shopify,deny,manual,400.00,700.00,true,true,,,,,"",,,,,,,,,,,,,,,,,,,,,,,,,,,,,,,,,,,,,,,,,,,,,,,,,,,g,,300.00,,,,
mens-tshirt,,,,,,,,,black,,,m,,,aaa,,1063,100.0,shopify,deny,manual,400.00,700.00,true,true,,,,,"",,,,,,,,,,,,,,,,,,,,,,,,,,,,,,,,,,,,,,,,,,,,,,,,,,,g,,300.00,,,,
mens-shirt,mens shirt,"<p><span>A shirt is </span><b>a piece of clothing worn on the upper part of your body with a collar, sleeves, and buttons down the front</b><span>.</span></p>",bahadur-startbit,Apparel & Accessories > Clothing > Clothing Tops > Shirts,"","",true,Color,blue,product.metafields.shopify.color-pattern,Size,s,product.metafields.shopify.size,brand,cotton,,101,300.0,shopify,deny,manual,650.00,1200.00,true,true,,,,,"",https://cdn.shopify.com/s/files/1/0707/7753/6680/files/shirtmenblue.webp?v=1748502313,1,"",false,,,,,,,,Delivered,🚚 Order within the next {{ countdown }} for delivery by {{ deliverydate }}.,Estimated arrival,Estimated dispatch,Order placed,,,,,,,,,adults,,,,,,blue; green; black,cotton,,,,,,,,,s; m; l; xl; 2xl,,male,bodysuit,,,,,,https://cdn.shopify.com/s/files/1/0707/7753/6680/files/shirtmenblue.webp?v=1748502313,g,,350.00,true,,,active
mens-shirt,,,,,,,,,blue,,,m,,,cotton,,102,300.0,shopify,deny,manual,650.00,1200.00,true,true,,,,,"",https://cdn.shopify.com/s/files/1/0707/7753/6680/files/shirtmentgreen.webp?v=1748502313,2,"",,,,,,,,,,,,,,,,,,,,,,,,,,,,,,,,,,,,,,,,,,,,,,,https://cdn.shopify.com/s/files/1/0707/7753/6680/files/shirtmenblue.webp?v=1748502313,g,,350.00,,,,
mens-shirt,,,,,,,,,blue,,,l,,,cotton,,103,300.0,shopify,deny,manual,650.00,1200.00,true,true,,,,,"",https://cdn.shopify.com/s/files/1/0707/7753/6680/files/shirtblackmens.webp?v=1748502313,3,"",,,,,,,,,,,,,,,,,,,,,,,,,,,,,,,,,,,,,,,,,,,,,,,https://cdn.shopify.com/s/files/1/0707/7753/6680/files/shirtmenblue.webp?v=1748502313,g,,350.00,,,,
mens-shirt,,,,,,,,,blue,,,xl,,,cotton,,104,300.0,shopify,deny,manual,650.00,1200.00,true,true,,,,,"",,,,,,,,,,,,,,,,,,,,,,,,,,,,,,,,,,,,,,,,,,,,,,,,,,https://cdn.shopify.com/s/files/1/0707/7753/6680/files/shirtmenblue.webp?v=1748502313,g,,350.00,,,,
mens-shirt,,,,,,,,,blue,,,2xl,,,cotton,,105,300.0,shopify,deny,manual,650.00,1200.00,true,true,,,,,"",,,,,,,,,,,,,,,,,,,,,,,,,,,,,,,,,,,,,,,,,,,,,,,,,,https://cdn.shopify.com/s/files/1/0707/7753/6680/files/shirtmenblue.webp?v=1748502313,g,,350.00,,,,
mens-shirt,,,,,,,,,green,,,s,,,cotton,,106,300.0,shopify,deny,manual,650.00,1200.00,true,true,,,,,"",,,,,,,,,,,,,,,,,,,,,,,,,,,,,,,,,,,,,,,,,,,,,,,,,,https://cdn.shopify.com/s/files/1/0707/7753/6680/files/shirtmentgreen.webp?v=1748502313,g,,350.00,,,,
mens-shirt,,,,,,,,,green,,,m,,,cotton,,107,300.0,shopify,deny,manual,650.00,1200.00,true,true,,,,,"",,,,,,,,,,,,,,,,,,,,,,,,,,,,,,,,,,,,,,,,,,,,,,,,,,https://cdn.shopify.com/s/files/1/0707/7753/6680/files/shirtmentgreen.webp?v=1748502313,g,,350.00,,,,
mens-shirt,,,,,,,,,green,,,l,,,cotton,,108,300.0,shopify,deny,manual,650.00,1200.00,true,true,,,,,"",,,,,,,,,,,,,,,,,,,,,,,,,,,,,,,,,,,,,,,,,,,,,,,,,,https://cdn.shopify.com/s/files/1/0707/7753/6680/files/shirtmentgreen.webp?v=1748502313,g,,350.00,,,,
mens-shirt,,,,,,,,,green,,,xl,,,cotton,,109,300.0,shopify,deny,manual,650.00,1200.00,true,true,,,,,"",,,,,,,,,,,,,,,,,,,,,,,,,,,,,,,,,,,,,,,,,,,,,,,,,,https://cdn.shopify.com/s/files/1/0707/7753/6680/files/shirtmentgreen.webp?v=1748502313,g,,350.00,,,,
mens-shirt,,,,,,,,,green,,,2xl,,,cotton,,110,300.0,shopify,deny,manual,650.00,1200.00,true,true,,,,,"",,,,,,,,,,,,,,,,,,,,,,,,,,,,,,,,,,,,,,,,,,,,,,,,,,https://cdn.shopify.com/s/files/1/0707/7753/6680/files/shirtmentgreen.webp?v=1748502313,g,,350.00,,,,
mens-shirt,,,,,,,,,black,,,s,,,cotton,,111,300.0,shopify,deny,manual,650.00,1200.00,true,true,,,,,"",,,,,,,,,,,,,,,,,,,,,,,,,,,,,,,,,,,,,,,,,,,,,,,,,,https://cdn.shopify.com/s/files/1/0707/7753/6680/files/shirtblackmens.webp?v=1748502313,g,,350.00,,,,
mens-shirt,,,,,,,,,black,,,m,,,cotton,,112,300.0,shopify,deny,manual,650.00,1200.00,true,true,,,,,"",,,,,,,,,,,,,,,,,,,,,,,,,,,,,,,,,,,,,,,,,,,,,,,,,,https://cdn.shopify.com/s/files/1/0707/7753/6680/files/shirtblackmens.webp?v=1748502313,g,,350.00,,,,
mens-shirt,,,,,,,,,black,,,l,,,cotton,,113,300.0,shopify,deny,manual,650.00,1200.00,true,true,,,,,"",,,,,,,,,,,,,,,,,,,,,,,,,,,,,,,,,,,,,,,,,,,,,,,,,,https://cdn.shopify.com/s/files/1/0707/7753/6680/files/shirtblackmens.webp?v=1748502313,g,,350.00,,,,
mens-shirt,,,,,,,,,black,,,xl,,,cotton,,114,300.0,shopify,deny,manual,650.00,1200.00,true,true,,,,,"",,,,,,,,,,,,,,,,,,,,,,,,,,,,,,,,,,,,,,,,,,,,,,,,,,https://cdn.shopify.com/s/files/1/0707/7753/6680/files/shirtblackmens.webp?v=1748502313,g,,350.00,,,,
mens-shirt,,,,,,,,,black,,,2xl,,,cotton,,115,300.0,shopify,deny,manual,650.00,1200.00,true,true,,,,,"",,,,,,,,,,,,,,,,,,,,,,,,,,,,,,,,,,,,,,,,,,,,,,,,,,https://cdn.shopify.com/s/files/1/0707/7753/6680/files/shirtblackmens.webp?v=1748502313,g,,350.00,,,,
bat,bat,<p>bat</p>,bahadur-startbit,Sporting Goods > Athletics > Cricket > Cricket Bats,"","",true,Title,Default Title,,,,,,,,500,1500.0,shopify,continue,manual,5500001.00,10000051.00,true,true,,,,,"",https://cdn.shopify.com/s/files/1/0707/7753/6680/files/download.jpg?v=1748498464,1,"",false,,,,,,,,Delivered,🚚 Order within the next {{ countdown }} for delivery by {{ deliverydate }}.,Estimated arrival,Estimated dispatch,Order placed,,,,,,,,,adults,,,wood; composite,,,white,,,,,,,,,,,,,,,,,,,,kg,,300.00,true,,,active
the-collection-snowboard-liquid,The Collection Snowboard: Liquid,,Hydrogen Vendor,,snowboard,"Accessory, Sport, Winter",true,Title,Default Title,,,,,,,,,0.0,shopify,deny,manual,749.95,,true,true,,,,,,https://cdn.shopify.com/s/files/1/0707/7753/6680/files/Main_b13ad453-477c-4ed1-9b43-81f3345adfd6.jpg?v=1748434792,1,"Top and bottom view of a snowboard. The top view shows a stylized scene of water, trees, mountains,
        sky and a moon in blue colours. The bottom view has a blue liquid, drippy background with the text “liquid” in
        a stylized script typeface.",false,,,,,,,,Delivered,🚚 Order within the next {{ countdown }} for delivery by {{ deliverydate }}.,Estimated arrival,Estimated dispatch,Order placed,,,,,,,,,,,,,,,,,,,,,,,,,,,,,,,,Optimistic,,,kg,,,true,,,active
the-3p-fulfilled-snowboard,The 3p Fulfilled Snowboard,,bahadur-startbit,,snowboard,"Accessory, Sport, Winter",true,Title,Default Title,,,,,,,,sku-hosted-1,0.0,shopify,deny,manual,2629.95,,true,true,,,,,,https://cdn.shopify.com/s/files/1/0707/7753/6680/files/Main_b9e0da7f-db89-4d41-83f0-7f417b02831d.jpg?v=1748434791,1,"Top and bottom view of a snowboard. The top view shows 7 stacked hexagons and the bottom view
          shows a small, centred hexagonal logo for Hydrogen.",false,,,,,,,,Delivered,🚚 Order within the next {{ countdown }} for delivery by {{ deliverydate }}.,Estimated arrival,Estimated dispatch,Order placed,,,,,,,,,,,,,,,,,,,,,,,,,,,,,,,,,,,kg,,,true,,,active
the-multi-managed-snowboard,The Multi-managed Snowboard,,Multi-managed Vendor,,snowboard,"Premium, Snow, Snowboard, Sport, Winter",true,Title,Default Title,,,,,,,,sku-managed-1,0.0,shopify,deny,manual,629.95,,true,true,,,,,,https://cdn.shopify.com/s/files/1/0707/7753/6680/files/Main_9129b69a-0c7b-4f66-b6cf-c4222f18028a.jpg?v=1748434791,1,"Top and bottom view of a snowboard. The top view shows an illustration with varied outlined shapes
        in black. The bottom view shows a black box character with an H pointing, and surrounded by black outlined
        illustrative elements.",false,,,,,,,,Delivered,🚚 Order within the next {{ countdown }} for delivery by {{ deliverydate }}.,Estimated arrival,Estimated dispatch,Order placed,,,,,,,,,,,,,,,,,,,,,,,,,,,,,,,,,159.0cm,,kg,,,true,,,active
the-collection-snowboard-oxygen,The Collection Snowboard: Oxygen,,Hydrogen Vendor,,snowboard,"Accessory, Sport, Winter",true,Title,Default Title,,,,,,,,,0.0,shopify,deny,manual,1025.00,,true,true,,,,,,https://cdn.shopify.com/s/files/1/0707/7753/6680/files/Main_d624f226-0a89-4fe1-b333-0d1548b43c06.jpg?v=1748434791,1,"Top and bottom view of a snowboard. The top view shows a stylized scene of trees, mountains, sky and
        a sun in red colours. The bottom view has blue wavy lines in the background with the text “Oxygen” in a
        stylized script typeface.",false,,,,,,,,Delivered,🚚 Order within the next {{ countdown }} for delivery by {{ deliverydate }}.,Estimated arrival,Estimated dispatch,Order placed,,,,,,,,,,,,,,,,,,,,,,,,,,,,,,,,Optimistic,,,kg,,,true,,,active
the-multi-location-snowboard,The Multi-location Snowboard,,bahadur-startbit,,snowboard,"Premium, Snow, Snowboard, Sport, Winter",true,Title,Default Title,,,,,,,,,0.0,shopify,deny,manual,729.95,,true,true,,,,,,https://cdn.shopify.com/s/files/1/0707/7753/6680/files/Main_0a4e9096-021a-4c1e-8750-24b233166a12.jpg?v=1748434791,1,"Top and bottom view of a snowboard. The top view shows a pixelated Shopify bag logo and a
        pixelated character reviewing a clipboard with a questioning expression with a bright green-blue background.
        The bottom view is a pattern of many pixel characters with a bright green-blue background.",false,,,,,,,,Delivered,🚚 Order within the next {{ countdown }} for delivery by {{ deliverydate }}.,Estimated arrival,Estimated dispatch,Order placed,,,,,,,,,,,,,,,,,,,,,,,,,,,,,,,,,,,kg,,,true,,,active
selling-plans-ski-wax,Selling Plans Ski Wax,,bahadur-startbit,,accessories,"Accessory, Sport, Winter",true,Title,Selling Plans Ski Wax,,,,,,,,,56.69904625,shopify,deny,manual,24.95,,true,true,,,,,,https://cdn.shopify.com/s/files/1/0707/7753/6680/files/snowboard_wax.png?v=1748434791,1,A bar of golden yellow wax,false,,,,,,,,Delivered,🚚 Order within the next {{ countdown }} for delivery by {{ deliverydate }}.,Estimated arrival,Estimated dispatch,Order placed,,,,,,,,,,,,,,,,,,,,,,,,,,,,,,,,,,,oz,,,true,,,active
selling-plans-ski-wax,,,,,,,,,Special Selling Plans Ski Wax,,,,,,,,,70.8738078125,shopify,deny,manual,49.95,,true,true,,,,,,https://cdn.shopify.com/s/files/1/0707/7753/6680/files/wax-special.png?v=1748434791,2,A bar of purple wax,,,,,,,,,,,,,,,,,,,,,,,,,,,,,,,,,,,,,,,,,,,,,,,,oz,,,,,,
selling-plans-ski-wax,,,,,,,,,Sample Selling Plans Ski Wax,,,,,,,,,14.1747615625,shopify,deny,manual,9.95,,true,true,,,,,,https://cdn.shopify.com/s/files/1/0707/7753/6680/files/sample-normal-wax.png?v=1748434792,3,a small cube of wax,,,,,,,,,,,,,,,,,,,,,,,,,,,,,,,,,,,,,,,,,,,,,,,,oz,,,,,,
the-hidden-snowboard,The Hidden Snowboard,,Snowboard Vendor,,snowboard,"Premium, Snow, Snowboard, Sport, Winter",false,Title,Default Title,,,,,,,,,0.0,shopify,deny,manual,749.95,,true,true,,,,,,https://cdn.shopify.com/s/files/1/0707/7753/6680/files/Main_c8ff0b5d-c712-429a-be00-b29bd55cbc9d.jpg?v=1748434791,1,"The top view and bottom view of a snowboard. The top view is black with a singular peach cube.
        The bottom view has a graphic of a stack of blocks in a gradient from light blue, to pink to peach.",false,Hidden Snowboard,hidden snowboard winter sport snowboarding,,,,,,Delivered,🚚 Order within the next {{ countdown }} for delivery by {{ deliverydate }}.,Estimated arrival,Estimated dispatch,Order placed,,,,,,,,,,,,,,,,,,,,,,,,,,,,,,,,,,,kg,,,true,,,active
the-archived-snowboard,The Archived Snowboard,,Snowboard Vendor,,snowboard,"Archived, Premium, Snow, Snowboard, Sport, Winter",false,Title,Default Title,,,,,,,,,0.0,shopify,deny,manual,629.95,,true,true,,,,,,https://cdn.shopify.com/s/files/1/0707/7753/6680/files/Main_52f8e304-92d9-4a36-82af-50df8fe31c69.jpg?v=1748434791,1,"The top and bottom view of a snowboard.The top view is a gradient light purple and dark purple
        with a cube geometric pattern. The bottom view blue with light blue octagon geometric pattern.",false,,,,,,,,Delivered,🚚 Order within the next {{ countdown }} for delivery by {{ deliverydate }}.,Estimated arrival,Estimated dispatch,Order placed,,,,,,,,,,,,,,,,,,,,,,,,,,,,,,,,,,,kg,,,true,,,archived
the-compare-at-price-snowboard,The Compare at Price Snowboard,,bahadur-startbit,,snowboard,"Accessory, Sport, Winter",true,Title,Default Title,,,,,,,,,0.0,shopify,deny,manual,785.95,885.95,true,true,,,,,,https://cdn.shopify.com/s/files/1/0707/7753/6680/files/snowboard_sky.png?v=1748434791,1,"Top and bottom view of a snowboard. The top view shows pixelated clouds, with the top-most one being
        the shape of the Shopify bag logo. The bottom view has a pixelated cloudy sky with blue, pink and purple
        colours.",false,,,,,,,,Delivered,🚚 Order within the next {{ countdown }} for delivery by {{ deliverydate }}.,Estimated arrival,Estimated dispatch,Order placed,,,,,,,,,,,,,,,,,,,,,,,,,,,,,,,,,,,kg,,,true,,,active
the-draft-snowboard,The Draft Snowboard,,Snowboard Vendor,,snowboard,"",false,Title,Default Title,,,,,,,,,0.0,shopify,deny,manual,2629.95,,true,true,,,,,,https://cdn.shopify.com/s/files/1/0707/7753/6680/files/Main_5127218a-8f6c-498f-b489-09242c0fab0a.jpg?v=1748434791,1,"Top and bottom view of a snowboard.The top view shows the text “hydrogen” in overlapping blue,
          pink and black font. The bottom view is a purple to blue gradient with white geometric pattern overlay.",false,,,,,,,,Delivered,🚚 Order within the next {{ countdown }} for delivery by {{ deliverydate }}.,Estimated arrival,Estimated dispatch,Order placed,,,,,,,,,,,,,,,,,,,,,,,,,,,,,,,,,,,kg,,,true,,,draft
the-collection-snowboard-hydrogen,The Collection Snowboard: Hydrogen,,Hydrogen Vendor,,snowboard,"Accessory, Sport, Winter",true,Title,Default Title,,,,,,,,,0.0,shopify,deny,manual,600.00,,true,true,,,,,,https://cdn.shopify.com/s/files/1/0707/7753/6680/files/Main_0a40b01b-5021-48c1-80d1-aa8ab4876d3d.jpg?v=1748434791,1,"Top and bottom view of a snowboard. The top view shows stylized hydrogen bonds and the bottom view
        shows “H2” in a brush script typeface.",false,,,,,,,,Delivered,🚚 Order within the next {{ countdown }} for delivery by {{ deliverydate }}.,Estimated arrival,Estimated dispatch,Order placed,,,,,,,,,,,,,,,,,,,,,,,,,,,,,,,,Optimistic,,,kg,,,true,,,active
the-videographer-snowboard,The Videographer Snowboard,,bahadur-startbit,,snowboard,"",true,Title,Default Title,,,,,,,,,0.0,shopify,deny,manual,885.95,,true,true,,,,,,https://cdn.shopify.com/s/files/1/0707/7753/6680/files/Main.jpg?v=1748434791,1,"The top and bottom view of a snowboard. The top has view is turquoise and black with graphics of
        trees. The bottom view is turquoise with the word hydrogen written in cursive.",false,,,,,,,,Delivered,🚚 Order within the next {{ countdown }} for delivery by {{ deliverydate }}.,Estimated arrival,Estimated dispatch,Order placed,,,,,,,,,,,,,,,,,,,,,,,,,,,,,,,,,,,kg,,,true,,,active
the-complete-snowboard,The Complete Snowboard,This <b>PREMIUM</b> <i>snowboard</i> is so <b>SUPER</b><i>DUPER</i> awesome!,Snowboard Vendor,,snowboard,"Premium, Snow, Snowboard, Sport, Winter",true,Color,Ice,,,,,,,,,4535.9237,shopify,deny,manual,699.95,,true,true,,,,,,https://cdn.shopify.com/s/files/1/0707/7753/6680/files/Main_589fc064-24a2-4236-9eaf-13b2bd35d21d.jpg?v=1748434791,1,"Top and bottom view of a snowboard. The top view shows abstract circles and lines in shades of
          teal. The bottom view shows abstract circles and lines in shades of purple and blue with the text “SHOPIFY”
          in a sans serif typeface on top.",false,Complete Snowboard,snowboard winter sport snowboarding,,,,,,Delivered,🚚 Order within the next {{ countdown }} for delivery by {{ deliverydate }}.,Estimated arrival,Estimated dispatch,Order placed,,,,,,,,,,,,,,,,,,,,,,,,,,,,,,,,,159.0cm,,lb,,,true,,,active
the-complete-snowboard,,,,,,,,,Dawn,,,,,,,,,4535.9237,shopify,deny,manual,699.95,,true,true,,,,,,,,,,,,,,,,,,,,,,,,,,,,,,,,,,,,,,,,,,,,,,,,,,,,,,,,lb,,,,,,
the-complete-snowboard,,,,,,,,,Powder,,,,,,,,,4535.9237,shopify,deny,manual,699.95,,true,true,,,,,,,,,,,,,,,,,,,,,,,,,,,,,,,,,,,,,,,,,,,,,,,,,,,,,,,,lb,,,,,,
the-complete-snowboard,,,,,,,,,Electric,,,,,,,,,4535.9237,shopify,deny,manual,699.95,,true,true,,,,,,,,,,,,,,,,,,,,,,,,,,,,,,,,,,,,,,,,,,,,,,,,,,,,,,,,lb,,,,,,
the-complete-snowboard,,,,,,,,,Sunset,,,,,,,,,4535.9237,shopify,deny,manual,699.95,,true,true,,,,,,,,,,,,,,,,,,,,,,,,,,,,,,,,,,,,,,,,,,,,,,,,,,,,,,,,lb,,,,,,
the-minimal-snowboard,The Minimal Snowboard,,bahadur-startbit,,"","",false,Title,Default Title,,,,,,,,,0.0,shopify,deny,manual,885.95,,true,true,,,,,,,,,false,,,,,,,,Delivered,🚚 Order within the next {{ countdown }} for delivery by {{ deliverydate }}.,Estimated arrival,Estimated dispatch,Order placed,,,,,,,,,,,,,,,,,,,,,,,,,,,,,,,,,,,kg,,,true,,,active
the-out-of-stock-snowboard,The Out of Stock Snowboard,,bahadur-startbit,,snowboard,"Accessory, Sport, Winter",true,Title,Default Title,,,,,,,,,0.0,shopify,deny,manual,885.95,,true,true,,,,,,https://cdn.shopify.com/s/files/1/0707/7753/6680/files/Main_f44a9605-cd62-464d-b095-d45cdaa0d0d7.jpg?v=1748434791,1,"Top and bottom view of a snowboard. The top view shows a toggle at the top in shades of blue and
        yellow. The bottom view shows an abstract illustration of toggles in blues and yellows.",false,,,,,,,,Delivered,🚚 Order within the next {{ countdown }} for delivery by {{ deliverydate }}.,Estimated arrival,Estimated dispatch,Order placed,,,,,,,,,,,,,,,,,,,,,,,,,,,,,,,,,,,kg,,,true,,,active
the-inventory-not-tracked-snowboard,The Inventory Not Tracked Snowboard,,bahadur-startbit,,snowboard,"Accessory, Sport, Winter",true,Title,Default Title,,,,,,,,sku-untracked-1,0.0,,deny,manual,949.95,,true,true,,,,,,https://cdn.shopify.com/s/files/1/0707/7753/6680/files/snowboard_purple_hydrogen.png?v=1748434791,1,"Top and bottom view of a snowboard. The top view shows a centred hexagonal logo for Hydrogen that
          appears to radiate outwards, as well as some overlapping hexagons at the bottom. The bottom view shows an
          abstract angular grid in purples.",false,,,,,,,,Delivered,🚚 Order within the next {{ countdown }} for delivery by {{ deliverydate }}.,Estimated arrival,Estimated dispatch,Order placed,,,,,,,,,,,,,,,,,,,,,,,,,,,,,,,,,,,kg,,,true,,,active
gift-card,Gift Card,This is a gift card for the store,Snowboard Vendor,Gift Cards,giftcard,"",true,Denominations,$10,,,,,,,,,0.0,,deny,gift_card,10.00,,false,false,,,,,,https://cdn.shopify.com/s/files/1/0707/7753/6680/files/gift_card.png?v=1748434791,1,Gift card that shows text: Generated data gift card,true,,,,,,,,Delivered,🚚 Order within the next {{ countdown }} for delivery by {{ deliverydate }}.,Estimated arrival,Estimated dispatch,Order placed,,,,,,,,,,,,,,,,,,,,,,,,,,,,,,,,,,,kg,,,true,,,active
gift-card,,,,,,,,,$25,,,,,,,,,0.0,,deny,gift_card,25.00,,false,false,,,,,,,,,,,,,,,,,,,,,,,,,,,,,,,,,,,,,,,,,,,,,,,,,,,,,,,,kg,,,,,,
gift-card,,,,,,,,,$50,,,,,,,,,0.0,,deny,gift_card,50.00,,false,false,,,,,,,,,,,,,,,,,,,,,,,,,,,,,,,,,,,,,,,,,,,,,,,,,,,,,,,,kg,,,,,,
gift-card,,,,,,,,,$100,,,,,,,,,0.0,,deny,gift_card,100.00,,false,false,,,,,,,,,,,,,,,,,,,,,,,,,,,,,,,,,,,,,,,,,,,,,,,,,,,,,,,,kg,,,,,,
